<?xml version="1.0" encoding="UTF-8" ?>
<document>
<!--The data in this file is primarily intended for consumption by Xilinx tools.
The structure and the elements are likely to change over the next few releases.
This means code written to parse this file will need to be revisited each subsequent release.-->
<application name="pa" timeStamp="Wed Jul 11 18:53:41 2018">
<section name="Project Information" visible="false">
<property name="ProjectID" value="11dd793ddc9341fd82bd4ff09c65992d" type="ProjectID"/>
<property name="ProjectIteration" value="1" type="ProjectIteration"/>
</section>
<section name="PlanAhead Usage" visible="true">
<item name="Project Data">
<property name="SrcSetCount" value="1" type="SrcSetCount"/>
<property name="ConstraintSetCount" value="1" type="ConstraintSetCount"/>
<property name="DesignMode" value="RTL" type="DesignMode"/>
<property name="SynthesisStrategy" value="Vivado Synthesis Defaults" type="SynthesisStrategy"/>
<property name="ImplStrategy" value="Vivado Implementation Defaults" type="ImplStrategy"/>
</item>
<item name="Java Command Handlers">
<property name="ArchiveProject" value="1" type="JavaHandler"/>
<property name="ProjectSettingsCmdHandler" value="3" type="JavaHandler"/>
<property name="SimulationClose" value="33" type="JavaHandler"/>
<property name="SimulationRestart" value="4" type="JavaHandler"/>
<property name="SimulationRun" value="39" type="JavaHandler"/>
<property name="SimulationRunAll" value="4" type="JavaHandler"/>
<property name="UnselectAllCmdHandler" value="2" type="JavaHandler"/>
<property name="WaveformSaveConfiguration" value="1" type="JavaHandler"/>
</item>
<item name="Gui Resources Info">
<property name="CANCEL, Cancel" value="2" type="GuiResourceData"/>
<property name="PAResourceAtoD.CmdMsgDialog_OK, OK" value="5" type="GuiResourceData"/>
<property name="PAResourceCommand.PACommandNames_ARCHIVE_PROJECT, Archive Project..." value="1" type="GuiResourceData"/>
<property name="PAResourceCommand.PACommandNames_SIMULATION_LIVE_RESTART, simulation_live_restart" value="4" type="GuiResourceData"/>
<property name="PAResourceCommand.PACommandNames_SIMULATION_LIVE_RUN_ALL, simulation_live_run_all" value="4" type="GuiResourceData"/>
<property name="PAResourceCommand.PACommandNames_SIMULATION_RUN_BEHAVIORAL, Run Behavioral Simulation" value="40" type="GuiResourceData"/>
<property name="PAResourceEtoH.FileSetPanel_FILE_SET_PANEL_TREE, [root, Simulation Sources, sim_1, Syntax Error Files, regalu_testbench.v], 7, false" value="1" type="GuiResourceData"/>
<property name="PAResourceEtoH.FileSetPanel_FILE_SET_PANEL_TREE, [root, Simulation Sources, sim_1, Syntax Error Files, regalu_testbench.v], 7, false, false, false, false, false, true" value="1" type="GuiResourceData"/>
<property name="PAResourceEtoH.FileSetPanel_FILE_SET_PANEL_TREE, [root, Simulation Sources, sim_1, Syntax Error Files], 6, true" value="1" type="GuiResourceData"/>
<property name="PAResourceEtoH.FileSetPanel_FILE_SET_PANEL_TREE, [root, Simulation Sources, sim_1, Syntax Error Files], 6, true, false, false, false, false, true" value="1" type="GuiResourceData"/>
<property name="PAResourceEtoH.FileSetPanel_FILE_SET_PANEL_TREE, [root, Simulation Sources, sim_1, regalu_testbench (regalu_testbench.v" value="2" type="GuiResourceData"/>
<property name="PAResourceEtoH.FileSetPanel_FILE_SET_PANEL_TREE, [root, Simulation Sources], 4, true" value="1" type="GuiResourceData"/>
<property name="PAResourceEtoH.FileSetPanel_FILE_SET_PANEL_TREE, [root, Simulation Sources], 4, true, false, false, false, false, true" value="1" type="GuiResourceData"/>
<property name="PAResourceEtoH.FlowNavigatorTreePanel_FLOW_NAVIGATOR_TREE, [, Simulation, Run Simulation], 11, false" value="50" type="GuiResourceData"/>
<property name="PAResourceEtoH.FlowNavigatorTreePanel_FLOW_NAVIGATOR_TREE, [, Simulation, Run Simulation], 11, false, false, false, false, false, true" value="1" type="GuiResourceData"/>
<property name="PAResourceEtoH.FlowNavigatorTreePanel_FLOW_NAVIGATOR_TREE, [, Simulation, Run Simulation], 11, false, false, false, false, true, false" value="2" type="GuiResourceData"/>
<property name="PAResourceEtoH.FlowNavigatorTreePanel_FLOW_NAVIGATOR_TREE, [, Simulation, Simulation Settings], 10, false" value="3" type="GuiResourceData"/>
<property name="PAResourceItoN.MainMenuMgr_FILE, File" value="2" type="GuiResourceData"/>
<property name="PAResourceItoN.MainMenuMgr_OPEN_RECENT_PROJECT, Open Recent Project" value="1" type="GuiResourceData"/>
<property name="PAResourceItoN.MsgTreePanel_MESSAGE_VIEW_TREE, [, Analysis Results, sim_1, [HDL 9-806] Syntax error near $timeformat. [C:/Users/Arjun Gupta/Desktop/register_file/register_file.srcs/sim_1/new/regalu_testbench.v:459]. ], 45, false" value="1" type="GuiResourceData"/>
<property name="PAResourceItoN.MsgTreePanel_MESSAGE_VIEW_TREE, [, Analysis Results, sim_1, [HDL 9-806] Syntax error near ,. [C:/Users/Arjun Gupta/Desktop/register_file/register_file.srcs/sim_1/new/regalu_testbench.v:429]. ], 45, false" value="1" type="GuiResourceData"/>
<property name="PAResourceQtoS.SaveProjectUtils_SAVE, Save" value="1" type="GuiResourceData"/>
<property name="PAResourceQtoS.SimulationObjectsPanel_SIMULATION_OBJECTS_TREE_TABLE, i[31:0] ; X ; Array, 20, X, 1, true, false, false, true, false, false" value="1" type="GuiResourceData"/>
<property name="RDIResource.BaseDialog_OK, OK" value="38" type="GuiResourceData"/>
<property name="RDIResource.MessageWithOptionDialog_DONT_SHOW_THIS_DIALOG_AGAIN, Don't show this dialog again, false" value="1" type="GuiResourceData"/>
<property name="RDIResource.RDIViews_WAVEFORM_VIEWER, 175, 270" value="1" type="GuiResourceData"/>
<property name="RDIResource.RDIViews_WAVEFORM_VIEWER, 205, 16" value="1" type="GuiResourceData"/>
<property name="RDIResource.RDIViews_WAVEFORM_VIEWER, 207, 261" value="1" type="GuiResourceData"/>
<property name="RDIResource.RDIViews_WAVEFORM_VIEWER, 431, 232" value="1" type="GuiResourceData"/>
<property name="RDIResource.RDIViews_WAVEFORM_VIEWER, 453, 250" value="1" type="GuiResourceData"/>
<property name="RDIResource.RDIViews_WAVEFORM_VIEWER, 466, 382" value="1" type="GuiResourceData"/>
<property name="RDIResource.RDIViews_WAVEFORM_VIEWER, 479, 144" value="1" type="GuiResourceData"/>
<property name="RDIResource.RDIViews_WAVEFORM_VIEWER, 497, 292" value="1" type="GuiResourceData"/>
<property name="RDIResource.RDIViews_WAVEFORM_VIEWER, 514, 257" value="1" type="GuiResourceData"/>
<property name="RDIResource.RDIViews_WAVEFORM_VIEWER, 546, 465" value="1" type="GuiResourceData"/>
<property name="RDIResource.RDIViews_WAVEFORM_VIEWER, 578, 254" value="1" type="GuiResourceData"/>
<property name="RDIResource.RDIViews_WAVEFORM_VIEWER, 582, 547" value="1" type="GuiResourceData"/>
<property name="RDIResource.RDIViews_WAVEFORM_VIEWER, Untitled 23" value="1" type="GuiResourceData"/>
<property name="RDIResource.TclConsoleView_TCL_CONSOLE_CODE_EDITOR, 221, 18" value="1" type="GuiResourceData"/>
<property name="RDIResource.TclConsoleView_TCL_CONSOLE_CODE_EDITOR, 265, 228" value="2" type="GuiResourceData"/>
<property name="RDIResource.TclConsoleView_TCL_CONSOLE_CODE_EDITOR, 265, 228, false, false, false, false, true" value="1" type="GuiResourceData"/>
<property name="RDIResource.TclConsoleView_TCL_CONSOLE_CODE_EDITOR, 272, 311" value="2" type="GuiResourceData"/>
<property name="RDIResource.TclConsoleView_TCL_CONSOLE_CODE_EDITOR, 272, 311, false, false, false, false, true" value="1" type="GuiResourceData"/>
<property name="RDIResource.TclConsoleView_TCL_CONSOLE_CODE_EDITOR, 274, 299" value="2" type="GuiResourceData"/>
<property name="RDIResource.TclConsoleView_TCL_CONSOLE_CODE_EDITOR, 274, 299, false, false, false, false, true" value="1" type="GuiResourceData"/>
<property name="RDIResource.TclConsoleView_TCL_CONSOLE_CODE_EDITOR, 380, 84" value="1" type="GuiResourceData"/>
<property name="RDIResource.TclConsoleView_TCL_CONSOLE_CODE_EDITOR, 426, 54" value="4" type="GuiResourceData"/>
<property name="RDIResource.TclConsoleView_TCL_CONSOLE_CODE_EDITOR, 426, 54, false, false, false, false, true" value="2" type="GuiResourceData"/>
<property name="RDIResource.TclConsoleView_TCL_CONSOLE_CODE_EDITOR, 439, 49" value="1" type="GuiResourceData"/>
<property name="RDIResource.TclConsoleView_TCL_CONSOLE_CODE_EDITOR, 462, 61" value="1" type="GuiResourceData"/>
<property name="RDIResource.TclConsoleView_TCL_CONSOLE_CODE_EDITOR, 570, 68" value="1" type="GuiResourceData"/>
<property name="RDIResource.TclConsoleView_TCL_CONSOLE_CODE_EDITOR, 573, 109" value="1" type="GuiResourceData"/>
<property name="RDIResource.TclConsoleView_TCL_CONSOLE_CODE_EDITOR, 589, 46" value="1" type="GuiResourceData"/>
<property name="RDIResource.TclConsoleView_TCL_CONSOLE_CODE_EDITOR, 600, 44" value="1" type="GuiResourceData"/>
<property name="RDIResource.TclConsoleView_TCL_CONSOLE_CODE_EDITOR, 614, 689" value="1" type="GuiResourceData"/>
<property name="RDIResource.TclConsoleView_TCL_CONSOLE_CODE_EDITOR, 650, 37" value="1" type="GuiResourceData"/>
<property name="RDIResource.TclConsoleView_TCL_CONSOLE_CODE_EDITOR, 675, 87" value="1" type="GuiResourceData"/>
<property name="RDIResource.TclConsoleView_TCL_CONSOLE_CODE_EDITOR, 675, 87, false, false, false, false, true" value="1" type="GuiResourceData"/>
<property name="RDIResource.TclConsoleView_TCL_CONSOLE_CODE_EDITOR, 751, 96, false, false, true, false, false" value="1" type="GuiResourceData"/>
<property name="RDIResource.TclConsoleView_TCL_CONSOLE_CODE_EDITOR, 751, 96, false, false, true, false, true" value="1" type="GuiResourceData"/>
<property name="regalu_testbench.v, 100, 386" value="1" type="GuiResourceData"/>
<property name="regalu_testbench.v, 100, 386, false, false, false, false, true" value="1" type="GuiResourceData"/>
<property name="regalu_testbench.v, 100, 79" value="1" type="GuiResourceData"/>
<property name="regalu_testbench.v, 100, 79, false, false, false, false, true" value="1" type="GuiResourceData"/>
<property name="regalu_testbench.v, 101, 259" value="1" type="GuiResourceData"/>
<property name="regalu_testbench.v, 101, 261" value="1" type="GuiResourceData"/>
<property name="regalu_testbench.v, 101, 431" value="1" type="GuiResourceData"/>
<property name="regalu_testbench.v, 101, 471" value="1" type="GuiResourceData"/>
<property name="regalu_testbench.v, 102, 447" value="1" type="GuiResourceData"/>
<property name="regalu_testbench.v, 102, 447, false, false, false, false, true" value="1" type="GuiResourceData"/>
<property name="regalu_testbench.v, 103, 438" value="1" type="GuiResourceData"/>
<property name="regalu_testbench.v, 104, 438" value="1" type="GuiResourceData"/>
<property name="regalu_testbench.v, 104, 438, false, false, false, false, true" value="2" type="GuiResourceData"/>
<property name="regalu_testbench.v, 104, 489" value="1" type="GuiResourceData"/>
<property name="regalu_testbench.v, 104, 489, false, false, false, false, true" value="1" type="GuiResourceData"/>
<property name="regalu_testbench.v, 104, 87" value="1" type="GuiResourceData"/>
<property name="regalu_testbench.v, 104, 87, false, false, false, false, true" value="1" type="GuiResourceData"/>
<property name="regalu_testbench.v, 106, 133" value="1" type="GuiResourceData"/>
<property name="regalu_testbench.v, 106, 133, false, false, false, false, true" value="1" type="GuiResourceData"/>
<property name="regalu_testbench.v, 106, 333" value="1" type="GuiResourceData"/>
<property name="regalu_testbench.v, 106, 333, false, false, false, false, true" value="1" type="GuiResourceData"/>
<property name="regalu_testbench.v, 106, 395" value="1" type="GuiResourceData"/>
<property name="regalu_testbench.v, 107, 366" value="1" type="GuiResourceData"/>
<property name="regalu_testbench.v, 108, 124" value="1" type="GuiResourceData"/>
<property name="regalu_testbench.v, 108, 124, false, false, false, false, true" value="1" type="GuiResourceData"/>
<property name="regalu_testbench.v, 108, 125" value="1" type="GuiResourceData"/>
<property name="regalu_testbench.v, 108, 332" value="1" type="GuiResourceData"/>
<property name="regalu_testbench.v, 109, 277" value="1" type="GuiResourceData"/>
<property name="regalu_testbench.v, 110, 261" value="1" type="GuiResourceData"/>
<property name="regalu_testbench.v, 110, 467" value="2" type="GuiResourceData"/>
<property name="regalu_testbench.v, 110, 467, false, false, false, false, true" value="1" type="GuiResourceData"/>
<property name="regalu_testbench.v, 111, 471" value="1" type="GuiResourceData"/>
<property name="regalu_testbench.v, 111, 471, false, false, false, false, true" value="1" type="GuiResourceData"/>
<property name="regalu_testbench.v, 112, 195" value="1" type="GuiResourceData"/>
<property name="regalu_testbench.v, 112, 227" value="1" type="GuiResourceData"/>
<property name="regalu_testbench.v, 112, 469" value="1" type="GuiResourceData"/>
<property name="regalu_testbench.v, 113, 414" value="1" type="GuiResourceData"/>
<property name="regalu_testbench.v, 113, 537" value="1" type="GuiResourceData"/>
<property name="regalu_testbench.v, 114, 303" value="1" type="GuiResourceData"/>
<property name="regalu_testbench.v, 114, 521" value="1" type="GuiResourceData"/>
<property name="regalu_testbench.v, 116, 143" value="1" type="GuiResourceData"/>
<property name="regalu_testbench.v, 116, 449" value="1" type="GuiResourceData"/>
<property name="regalu_testbench.v, 116, 537" value="1" type="GuiResourceData"/>
<property name="regalu_testbench.v, 117, 248" value="1" type="GuiResourceData"/>
<property name="regalu_testbench.v, 118, 464" value="1" type="GuiResourceData"/>
<property name="regalu_testbench.v, 118, 464, false, false, false, false, true" value="1" type="GuiResourceData"/>
<property name="regalu_testbench.v, 119, 486" value="1" type="GuiResourceData"/>
<property name="regalu_testbench.v, 120, 350" value="1" type="GuiResourceData"/>
<property name="regalu_testbench.v, 120, 350, false, false, false, false, true" value="1" type="GuiResourceData"/>
<property name="regalu_testbench.v, 120, 384" value="1" type="GuiResourceData"/>
<property name="regalu_testbench.v, 120, 473" value="1" type="GuiResourceData"/>
<property name="regalu_testbench.v, 120, 490" value="1" type="GuiResourceData"/>
<property name="regalu_testbench.v, 122, 332" value="1" type="GuiResourceData"/>
<property name="regalu_testbench.v, 122, 332, false, false, false, false, true" value="1" type="GuiResourceData"/>
<property name="regalu_testbench.v, 122, 337" value="1" type="GuiResourceData"/>
<property name="regalu_testbench.v, 122, 339" value="1" type="GuiResourceData"/>
<property name="regalu_testbench.v, 122, 339, false, false, false, false, true" value="1" type="GuiResourceData"/>
<property name="regalu_testbench.v, 124, 521" value="1" type="GuiResourceData"/>
<property name="regalu_testbench.v, 126, 169" value="1" type="GuiResourceData"/>
<property name="regalu_testbench.v, 126, 169, false, false, false, false, true" value="1" type="GuiResourceData"/>
<property name="regalu_testbench.v, 126, 353" value="1" type="GuiResourceData"/>
<property name="regalu_testbench.v, 126, 353, false, false, false, false, true" value="1" type="GuiResourceData"/>
<property name="regalu_testbench.v, 126, 396" value="2" type="GuiResourceData"/>
<property name="regalu_testbench.v, 127, 178" value="1" type="GuiResourceData"/>
<property name="regalu_testbench.v, 127, 178, false, false, false, false, true" value="1" type="GuiResourceData"/>
<property name="regalu_testbench.v, 127, 319" value="1" type="GuiResourceData"/>
<property name="regalu_testbench.v, 127, 319, false, false, false, false, true" value="1" type="GuiResourceData"/>
<property name="regalu_testbench.v, 127, 431" value="1" type="GuiResourceData"/>
<property name="regalu_testbench.v, 128, 267" value="1" type="GuiResourceData"/>
<property name="regalu_testbench.v, 128, 377" value="1" type="GuiResourceData"/>
<property name="regalu_testbench.v, 128, 377, false, false, false, false, true" value="1" type="GuiResourceData"/>
<property name="regalu_testbench.v, 130, 464" value="1" type="GuiResourceData"/>
<property name="regalu_testbench.v, 130, 464, false, false, false, false, true" value="1" type="GuiResourceData"/>
<property name="regalu_testbench.v, 130, 508" value="1" type="GuiResourceData"/>
<property name="regalu_testbench.v, 130, 508, false, false, false, false, true" value="1" type="GuiResourceData"/>
<property name="regalu_testbench.v, 130, 98" value="1" type="GuiResourceData"/>
<property name="regalu_testbench.v, 133, 390" value="1" type="GuiResourceData"/>
<property name="regalu_testbench.v, 133, 390, false, false, false, false, true" value="1" type="GuiResourceData"/>
<property name="regalu_testbench.v, 133, 481" value="1" type="GuiResourceData"/>
<property name="regalu_testbench.v, 133, 481, false, false, false, false, true" value="1" type="GuiResourceData"/>
<property name="regalu_testbench.v, 134, 532" value="1" type="GuiResourceData"/>
<property name="regalu_testbench.v, 134, 533, false, false, false, false, true" value="1" type="GuiResourceData"/>
<property name="regalu_testbench.v, 134, 534" value="1" type="GuiResourceData"/>
<property name="regalu_testbench.v, 134, 534, false, false, false, false, true" value="1" type="GuiResourceData"/>
<property name="regalu_testbench.v, 135, 281" value="2" type="GuiResourceData"/>
<property name="regalu_testbench.v, 135, 281, false, false, false, false, true" value="1" type="GuiResourceData"/>
<property name="regalu_testbench.v, 135, 283" value="1" type="GuiResourceData"/>
<property name="regalu_testbench.v, 135, 365" value="1" type="GuiResourceData"/>
<property name="regalu_testbench.v, 135, 365, false, false, false, false, true" value="1" type="GuiResourceData"/>
<property name="regalu_testbench.v, 136, 114" value="1" type="GuiResourceData"/>
<property name="regalu_testbench.v, 136, 114, false, false, false, false, true" value="1" type="GuiResourceData"/>
<property name="regalu_testbench.v, 136, 519" value="1" type="GuiResourceData"/>
<property name="regalu_testbench.v, 136, 526" value="1" type="GuiResourceData"/>
<property name="regalu_testbench.v, 137, 214" value="1" type="GuiResourceData"/>
<property name="regalu_testbench.v, 137, 214, false, false, false, false, true" value="1" type="GuiResourceData"/>
<property name="regalu_testbench.v, 137, 253" value="2" type="GuiResourceData"/>
<property name="regalu_testbench.v, 137, 253, false, false, false, false, true" value="1" type="GuiResourceData"/>
<property name="regalu_testbench.v, 138, 214" value="1" type="GuiResourceData"/>
<property name="regalu_testbench.v, 138, 225" value="1" type="GuiResourceData"/>
<property name="regalu_testbench.v, 138, 225, false, false, false, false, true" value="1" type="GuiResourceData"/>
<property name="regalu_testbench.v, 138, 332" value="1" type="GuiResourceData"/>
<property name="regalu_testbench.v, 138, 348" value="1" type="GuiResourceData"/>
<property name="regalu_testbench.v, 139, 502" value="1" type="GuiResourceData"/>
<property name="regalu_testbench.v, 139, 503, false, false, false, false, true" value="1" type="GuiResourceData"/>
<property name="regalu_testbench.v, 139, 602" value="1" type="GuiResourceData"/>
<property name="regalu_testbench.v, 140, 207" value="1" type="GuiResourceData"/>
<property name="regalu_testbench.v, 140, 207, false, false, false, false, true" value="1" type="GuiResourceData"/>
<property name="regalu_testbench.v, 140, 554" value="1" type="GuiResourceData"/>
<property name="regalu_testbench.v, 141, 244" value="1" type="GuiResourceData"/>
<property name="regalu_testbench.v, 141, 385" value="2" type="GuiResourceData"/>
<property name="regalu_testbench.v, 142, 202" value="1" type="GuiResourceData"/>
<property name="regalu_testbench.v, 142, 342" value="1" type="GuiResourceData"/>
<property name="regalu_testbench.v, 142, 405" value="1" type="GuiResourceData"/>
<property name="regalu_testbench.v, 142, 405, false, false, false, false, true" value="1" type="GuiResourceData"/>
<property name="regalu_testbench.v, 143, 179" value="1" type="GuiResourceData"/>
<property name="regalu_testbench.v, 143, 202, false, false, false, false, true" value="1" type="GuiResourceData"/>
<property name="regalu_testbench.v, 143, 55" value="1" type="GuiResourceData"/>
<property name="regalu_testbench.v, 144, 178, false, false, false, false, true" value="1" type="GuiResourceData"/>
<property name="regalu_testbench.v, 144, 333" value="1" type="GuiResourceData"/>
<property name="regalu_testbench.v, 145, 203" value="1" type="GuiResourceData"/>
<property name="regalu_testbench.v, 145, 203, false, false, false, false, true" value="1" type="GuiResourceData"/>
<property name="regalu_testbench.v, 145, 230" value="1" type="GuiResourceData"/>
<property name="regalu_testbench.v, 145, 264" value="1" type="GuiResourceData"/>
<property name="regalu_testbench.v, 145, 295" value="1" type="GuiResourceData"/>
<property name="regalu_testbench.v, 145, 363" value="1" type="GuiResourceData"/>
<property name="regalu_testbench.v, 145, 419" value="1" type="GuiResourceData"/>
<property name="regalu_testbench.v, 145, 419, false, false, false, false, true" value="1" type="GuiResourceData"/>
<property name="regalu_testbench.v, 145, 433" value="1" type="GuiResourceData"/>
<property name="regalu_testbench.v, 146, 462" value="1" type="GuiResourceData"/>
<property name="regalu_testbench.v, 146, 462, false, false, false, false, true" value="1" type="GuiResourceData"/>
<property name="regalu_testbench.v, 146, 498" value="1" type="GuiResourceData"/>
<property name="regalu_testbench.v, 149, 385" value="2" type="GuiResourceData"/>
<property name="regalu_testbench.v, 149, 385, false, false, false, false, true" value="1" type="GuiResourceData"/>
<property name="regalu_testbench.v, 149, 436" value="1" type="GuiResourceData"/>
<property name="regalu_testbench.v, 149, 436, false, false, false, false, true" value="1" type="GuiResourceData"/>
<property name="regalu_testbench.v, 149, 442" value="1" type="GuiResourceData"/>
<property name="regalu_testbench.v, 149, 442, false, false, false, false, true" value="1" type="GuiResourceData"/>
<property name="regalu_testbench.v, 150, 161" value="1" type="GuiResourceData"/>
<property name="regalu_testbench.v, 150, 161, false, false, false, false, true" value="1" type="GuiResourceData"/>
<property name="regalu_testbench.v, 150, 467" value="1" type="GuiResourceData"/>
<property name="regalu_testbench.v, 150, 467, false, false, false, false, true" value="1" type="GuiResourceData"/>
<property name="regalu_testbench.v, 150, 495" value="1" type="GuiResourceData"/>
<property name="regalu_testbench.v, 150, 500" value="1" type="GuiResourceData"/>
<property name="regalu_testbench.v, 151, 265" value="1" type="GuiResourceData"/>
<property name="regalu_testbench.v, 151, 265, false, false, false, false, true" value="1" type="GuiResourceData"/>
<property name="regalu_testbench.v, 151, 320" value="1" type="GuiResourceData"/>
<property name="regalu_testbench.v, 151, 320, false, false, false, false, true" value="1" type="GuiResourceData"/>
<property name="regalu_testbench.v, 151, 385" value="1" type="GuiResourceData"/>
<property name="regalu_testbench.v, 151, 385, false, false, false, false, true" value="1" type="GuiResourceData"/>
<property name="regalu_testbench.v, 152, 328" value="1" type="GuiResourceData"/>
<property name="regalu_testbench.v, 152, 481" value="1" type="GuiResourceData"/>
<property name="regalu_testbench.v, 152, 493" value="1" type="GuiResourceData"/>
<property name="regalu_testbench.v, 152, 493, false, false, false, false, true" value="1" type="GuiResourceData"/>
<property name="regalu_testbench.v, 153, 289" value="1" type="GuiResourceData"/>
<property name="regalu_testbench.v, 155, 129" value="1" type="GuiResourceData"/>
<property name="regalu_testbench.v, 155, 129, false, false, false, false, true" value="1" type="GuiResourceData"/>
<property name="regalu_testbench.v, 155, 381" value="1" type="GuiResourceData"/>
<property name="regalu_testbench.v, 155, 381, false, false, false, false, true" value="1" type="GuiResourceData"/>
<property name="regalu_testbench.v, 158, 185" value="1" type="GuiResourceData"/>
<property name="regalu_testbench.v, 158, 185, false, false, false, false, true" value="1" type="GuiResourceData"/>
<property name="regalu_testbench.v, 158, 90" value="1" type="GuiResourceData"/>
<property name="regalu_testbench.v, 159, 527" value="1" type="GuiResourceData"/>
<property name="regalu_testbench.v, 160, 419" value="1" type="GuiResourceData"/>
<property name="regalu_testbench.v, 162, 240" value="1" type="GuiResourceData"/>
<property name="regalu_testbench.v, 162, 573" value="1" type="GuiResourceData"/>
<property name="regalu_testbench.v, 162, 573, false, false, false, false, true" value="1" type="GuiResourceData"/>
<property name="regalu_testbench.v, 164, 228" value="1" type="GuiResourceData"/>
<property name="regalu_testbench.v, 166, 160" value="1" type="GuiResourceData"/>
<property name="regalu_testbench.v, 167, 97" value="2" type="GuiResourceData"/>
<property name="regalu_testbench.v, 167, 97, false, false, false, false, true" value="1" type="GuiResourceData"/>
<property name="regalu_testbench.v, 170, 108" value="1" type="GuiResourceData"/>
<property name="regalu_testbench.v, 170, 447" value="1" type="GuiResourceData"/>
<property name="regalu_testbench.v, 170, 448" value="1" type="GuiResourceData"/>
<property name="regalu_testbench.v, 170, 448, false, false, false, false, true" value="1" type="GuiResourceData"/>
<property name="regalu_testbench.v, 171, 339" value="1" type="GuiResourceData"/>
<property name="regalu_testbench.v, 173, 468" value="2" type="GuiResourceData"/>
<property name="regalu_testbench.v, 173, 468, false, false, false, false, true" value="1" type="GuiResourceData"/>
<property name="regalu_testbench.v, 174, 434" value="1" type="GuiResourceData"/>
<property name="regalu_testbench.v, 174, 506" value="1" type="GuiResourceData"/>
<property name="regalu_testbench.v, 176, 108" value="1" type="GuiResourceData"/>
<property name="regalu_testbench.v, 177, 578" value="1" type="GuiResourceData"/>
<property name="regalu_testbench.v, 181, 295" value="1" type="GuiResourceData"/>
<property name="regalu_testbench.v, 181, 338" value="1" type="GuiResourceData"/>
<property name="regalu_testbench.v, 182, 483" value="1" type="GuiResourceData"/>
<property name="regalu_testbench.v, 189, 82" value="1" type="GuiResourceData"/>
<property name="regalu_testbench.v, 196, 506" value="1" type="GuiResourceData"/>
<property name="regalu_testbench.v, 196, 534" value="1" type="GuiResourceData"/>
<property name="regalu_testbench.v, 198, 230" value="1" type="GuiResourceData"/>
<property name="regalu_testbench.v, 198, 578" value="1" type="GuiResourceData"/>
<property name="regalu_testbench.v, 199, 571" value="1" type="GuiResourceData"/>
<property name="regalu_testbench.v, 2, 195, true, false, false, false, false" value="1" type="GuiResourceData"/>
<property name="regalu_testbench.v, 202, 173, false, true, false, false, false" value="1" type="GuiResourceData"/>
<property name="regalu_testbench.v, 202, 178" value="2" type="GuiResourceData"/>
<property name="regalu_testbench.v, 202, 178, false, false, false, false, true" value="1" type="GuiResourceData"/>
<property name="regalu_testbench.v, 202, 397" value="1" type="GuiResourceData"/>
<property name="regalu_testbench.v, 204, 260" value="1" type="GuiResourceData"/>
<property name="regalu_testbench.v, 204, 392" value="1" type="GuiResourceData"/>
<property name="regalu_testbench.v, 204, 483" value="1" type="GuiResourceData"/>
<property name="regalu_testbench.v, 205, 265" value="1" type="GuiResourceData"/>
<property name="regalu_testbench.v, 206, 523" value="1" type="GuiResourceData"/>
<property name="regalu_testbench.v, 206, 546" value="1" type="GuiResourceData"/>
<property name="regalu_testbench.v, 208, 403" value="1" type="GuiResourceData"/>
<property name="regalu_testbench.v, 210, 193" value="1" type="GuiResourceData"/>
<property name="regalu_testbench.v, 210, 203" value="1" type="GuiResourceData"/>
<property name="regalu_testbench.v, 210, 275" value="2" type="GuiResourceData"/>
<property name="regalu_testbench.v, 210, 275, false, false, false, false, true" value="1" type="GuiResourceData"/>
<property name="regalu_testbench.v, 210, 301" value="1" type="GuiResourceData"/>
<property name="regalu_testbench.v, 210, 402" value="1" type="GuiResourceData"/>
<property name="regalu_testbench.v, 211, 149" value="1" type="GuiResourceData"/>
<property name="regalu_testbench.v, 211, 592" value="1" type="GuiResourceData"/>
<property name="regalu_testbench.v, 212, 325" value="1" type="GuiResourceData"/>
<property name="regalu_testbench.v, 212, 471, false, false, false, false, true" value="1" type="GuiResourceData"/>
<property name="regalu_testbench.v, 212, 472" value="1" type="GuiResourceData"/>
<property name="regalu_testbench.v, 213, 302" value="1" type="GuiResourceData"/>
<property name="regalu_testbench.v, 214, 501" value="1" type="GuiResourceData"/>
<property name="regalu_testbench.v, 214, 501, false, false, false, false, true" value="1" type="GuiResourceData"/>
<property name="regalu_testbench.v, 214, 91" value="2" type="GuiResourceData"/>
<property name="regalu_testbench.v, 214, 91, false, false, false, false, true" value="1" type="GuiResourceData"/>
<property name="regalu_testbench.v, 216, 85" value="1" type="GuiResourceData"/>
<property name="regalu_testbench.v, 217, 504" value="1" type="GuiResourceData"/>
<property name="regalu_testbench.v, 219, 110" value="2" type="GuiResourceData"/>
<property name="regalu_testbench.v, 219, 110, false, false, false, false, true" value="1" type="GuiResourceData"/>
<property name="regalu_testbench.v, 223, 383" value="1" type="GuiResourceData"/>
<property name="regalu_testbench.v, 224, 283" value="2" type="GuiResourceData"/>
<property name="regalu_testbench.v, 224, 411" value="1" type="GuiResourceData"/>
<property name="regalu_testbench.v, 224, 465, true, false, false, false, false" value="1" type="GuiResourceData"/>
<property name="regalu_testbench.v, 226, 481" value="1" type="GuiResourceData"/>
<property name="regalu_testbench.v, 228, 369" value="1" type="GuiResourceData"/>
<property name="regalu_testbench.v, 228, 369, false, false, false, false, true" value="1" type="GuiResourceData"/>
<property name="regalu_testbench.v, 230, 184" value="1" type="GuiResourceData"/>
<property name="regalu_testbench.v, 230, 184, false, false, false, false, true" value="1" type="GuiResourceData"/>
<property name="regalu_testbench.v, 230, 351" value="1" type="GuiResourceData"/>
<property name="regalu_testbench.v, 230, 375" value="1" type="GuiResourceData"/>
<property name="regalu_testbench.v, 232, 378" value="1" type="GuiResourceData"/>
<property name="regalu_testbench.v, 232, 453" value="1" type="GuiResourceData"/>
<property name="regalu_testbench.v, 232, 533" value="1" type="GuiResourceData"/>
<property name="regalu_testbench.v, 234, 315" value="1" type="GuiResourceData"/>
<property name="regalu_testbench.v, 236, 265" value="1" type="GuiResourceData"/>
<property name="regalu_testbench.v, 236, 427, false, true, false, false, false" value="1" type="GuiResourceData"/>
<property name="regalu_testbench.v, 236, 427, false, true, false, false, true" value="1" type="GuiResourceData"/>
<property name="regalu_testbench.v, 238, 178" value="1" type="GuiResourceData"/>
<property name="regalu_testbench.v, 238, 265" value="1" type="GuiResourceData"/>
<property name="regalu_testbench.v, 238, 265, true, false, false, false, false" value="1" type="GuiResourceData"/>
<property name="regalu_testbench.v, 238, 417" value="2" type="GuiResourceData"/>
<property name="regalu_testbench.v, 238, 561, false, true, false, false, false" value="2" type="GuiResourceData"/>
<property name="regalu_testbench.v, 238, 561, false, true, false, false, true" value="1" type="GuiResourceData"/>
<property name="regalu_testbench.v, 238, 78" value="1" type="GuiResourceData"/>
<property name="regalu_testbench.v, 24, 458" value="1" type="GuiResourceData"/>
<property name="regalu_testbench.v, 240, 332" value="2" type="GuiResourceData"/>
<property name="regalu_testbench.v, 240, 332, false, false, false, false, true" value="1" type="GuiResourceData"/>
<property name="regalu_testbench.v, 241, 334" value="1" type="GuiResourceData"/>
<property name="regalu_testbench.v, 241, 352" value="1" type="GuiResourceData"/>
<property name="regalu_testbench.v, 241, 404" value="1" type="GuiResourceData"/>
<property name="regalu_testbench.v, 241, 75" value="1" type="GuiResourceData"/>
<property name="regalu_testbench.v, 244, 262" value="1" type="GuiResourceData"/>
<property name="regalu_testbench.v, 244, 298" value="1" type="GuiResourceData"/>
<property name="regalu_testbench.v, 244, 402" value="1" type="GuiResourceData"/>
<property name="regalu_testbench.v, 244, 462" value="1" type="GuiResourceData"/>
<property name="regalu_testbench.v, 244, 75" value="1" type="GuiResourceData"/>
<property name="regalu_testbench.v, 245, 470" value="1" type="GuiResourceData"/>
<property name="regalu_testbench.v, 246, 366" value="1" type="GuiResourceData"/>
<property name="regalu_testbench.v, 246, 407" value="1" type="GuiResourceData"/>
<property name="regalu_testbench.v, 246, 407, false, false, false, false, true" value="1" type="GuiResourceData"/>
<property name="regalu_testbench.v, 246, 74" value="1" type="GuiResourceData"/>
<property name="regalu_testbench.v, 247, 211" value="1" type="GuiResourceData"/>
<property name="regalu_testbench.v, 247, 434" value="1" type="GuiResourceData"/>
<property name="regalu_testbench.v, 249, 182" value="2" type="GuiResourceData"/>
<property name="regalu_testbench.v, 249, 182, false, false, false, false, true" value="1" type="GuiResourceData"/>
<property name="regalu_testbench.v, 249, 261" value="1" type="GuiResourceData"/>
<property name="regalu_testbench.v, 250, 110" value="1" type="GuiResourceData"/>
<property name="regalu_testbench.v, 250, 178" value="1" type="GuiResourceData"/>
<property name="regalu_testbench.v, 250, 212" value="1" type="GuiResourceData"/>
<property name="regalu_testbench.v, 250, 331" value="1" type="GuiResourceData"/>
<property name="regalu_testbench.v, 250, 80" value="1" type="GuiResourceData"/>
<property name="regalu_testbench.v, 251, 245" value="1" type="GuiResourceData"/>
<property name="regalu_testbench.v, 251, 404" value="1" type="GuiResourceData"/>
<property name="regalu_testbench.v, 251, 466" value="1" type="GuiResourceData"/>
<property name="regalu_testbench.v, 252, 151" value="1" type="GuiResourceData"/>
<property name="regalu_testbench.v, 252, 180" value="1" type="GuiResourceData"/>
<property name="regalu_testbench.v, 252, 199" value="1" type="GuiResourceData"/>
<property name="regalu_testbench.v, 252, 280" value="1" type="GuiResourceData"/>
<property name="regalu_testbench.v, 254, 115" value="1" type="GuiResourceData"/>
<property name="regalu_testbench.v, 254, 142" value="1" type="GuiResourceData"/>
<property name="regalu_testbench.v, 254, 211" value="1" type="GuiResourceData"/>
<property name="regalu_testbench.v, 254, 76" value="1" type="GuiResourceData"/>
<property name="regalu_testbench.v, 256, 110" value="3" type="GuiResourceData"/>
<property name="regalu_testbench.v, 256, 110, false, false, false, false, true" value="1" type="GuiResourceData"/>
<property name="regalu_testbench.v, 256, 281, true, false, false, false, false" value="1" type="GuiResourceData"/>
<property name="regalu_testbench.v, 256, 509" value="1" type="GuiResourceData"/>
<property name="regalu_testbench.v, 256, 594" value="1" type="GuiResourceData"/>
<property name="regalu_testbench.v, 256, 595" value="2" type="GuiResourceData"/>
<property name="regalu_testbench.v, 258, 528" value="1" type="GuiResourceData"/>
<property name="regalu_testbench.v, 264, 87" value="1" type="GuiResourceData"/>
<property name="regalu_testbench.v, 269, 469" value="2" type="GuiResourceData"/>
<property name="regalu_testbench.v, 269, 541" value="1" type="GuiResourceData"/>
<property name="regalu_testbench.v, 270, 533" value="1" type="GuiResourceData"/>
<property name="regalu_testbench.v, 277, 466" value="1" type="GuiResourceData"/>
<property name="regalu_testbench.v, 278, 435" value="1" type="GuiResourceData"/>
<property name="regalu_testbench.v, 278, 531" value="1" type="GuiResourceData"/>
<property name="regalu_testbench.v, 280, 490" value="1" type="GuiResourceData"/>
<property name="regalu_testbench.v, 282, 114" value="1" type="GuiResourceData"/>
<property name="regalu_testbench.v, 282, 604" value="1" type="GuiResourceData"/>
<property name="regalu_testbench.v, 286, 548" value="1" type="GuiResourceData"/>
<property name="regalu_testbench.v, 294, 116" value="1" type="GuiResourceData"/>
<property name="regalu_testbench.v, 294, 344" value="1" type="GuiResourceData"/>
<property name="regalu_testbench.v, 294, 401" value="1" type="GuiResourceData"/>
<property name="regalu_testbench.v, 295, 442" value="1" type="GuiResourceData"/>
<property name="regalu_testbench.v, 302, 261" value="1" type="GuiResourceData"/>
<property name="regalu_testbench.v, 303, 500" value="2" type="GuiResourceData"/>
<property name="regalu_testbench.v, 303, 500, false, false, false, false, true" value="1" type="GuiResourceData"/>
<property name="regalu_testbench.v, 304, 415, false, true, false, false, false" value="1" type="GuiResourceData"/>
<property name="regalu_testbench.v, 312, 449" value="1" type="GuiResourceData"/>
<property name="regalu_testbench.v, 322, 260" value="1" type="GuiResourceData"/>
<property name="regalu_testbench.v, 324, 165" value="1" type="GuiResourceData"/>
<property name="regalu_testbench.v, 327, 147" value="2" type="GuiResourceData"/>
<property name="regalu_testbench.v, 327, 147, false, false, false, false, true" value="1" type="GuiResourceData"/>
<property name="regalu_testbench.v, 327, 487" value="2" type="GuiResourceData"/>
<property name="regalu_testbench.v, 327, 487, false, false, false, false, true" value="1" type="GuiResourceData"/>
<property name="regalu_testbench.v, 328, 368" value="1" type="GuiResourceData"/>
<property name="regalu_testbench.v, 329, 492" value="1" type="GuiResourceData"/>
<property name="regalu_testbench.v, 334, 499" value="1" type="GuiResourceData"/>
<property name="regalu_testbench.v, 334, 499, false, false, false, false, true" value="1" type="GuiResourceData"/>
<property name="regalu_testbench.v, 344, 187" value="1" type="GuiResourceData"/>
<property name="regalu_testbench.v, 344, 187, false, false, false, false, true" value="1" type="GuiResourceData"/>
<property name="regalu_testbench.v, 347, 485" value="2" type="GuiResourceData"/>
<property name="regalu_testbench.v, 347, 485, false, false, false, false, true" value="1" type="GuiResourceData"/>
<property name="regalu_testbench.v, 348, 173" value="1" type="GuiResourceData"/>
<property name="regalu_testbench.v, 348, 251" value="1" type="GuiResourceData"/>
<property name="regalu_testbench.v, 348, 536" value="1" type="GuiResourceData"/>
<property name="regalu_testbench.v, 348, 536, false, false, false, false, true" value="1" type="GuiResourceData"/>
<property name="regalu_testbench.v, 349, 490" value="1" type="GuiResourceData"/>
<property name="regalu_testbench.v, 349, 490, false, false, false, false, true" value="1" type="GuiResourceData"/>
<property name="regalu_testbench.v, 350, 178" value="1" type="GuiResourceData"/>
<property name="regalu_testbench.v, 350, 417" value="1" type="GuiResourceData"/>
<property name="regalu_testbench.v, 350, 417, false, false, false, false, true" value="1" type="GuiResourceData"/>
<property name="regalu_testbench.v, 352, 346" value="4" type="GuiResourceData"/>
<property name="regalu_testbench.v, 352, 346, false, false, false, false, true" value="1" type="GuiResourceData"/>
<property name="regalu_testbench.v, 356, 286" value="1" type="GuiResourceData"/>
<property name="regalu_testbench.v, 356, 286, false, false, false, false, true" value="1" type="GuiResourceData"/>
<property name="regalu_testbench.v, 358, 256" value="1" type="GuiResourceData"/>
<property name="regalu_testbench.v, 361, 603" value="2" type="GuiResourceData"/>
<property name="regalu_testbench.v, 361, 603, false, false, false, false, true" value="1" type="GuiResourceData"/>
<property name="regalu_testbench.v, 364, 382" value="1" type="GuiResourceData"/>
<property name="regalu_testbench.v, 365, 177" value="1" type="GuiResourceData"/>
<property name="regalu_testbench.v, 365, 177, false, false, false, false, true" value="1" type="GuiResourceData"/>
<property name="regalu_testbench.v, 366, 163" value="1" type="GuiResourceData"/>
<property name="regalu_testbench.v, 366, 78, true, false, false, false, false" value="1" type="GuiResourceData"/>
<property name="regalu_testbench.v, 368, 147, true, false, false, false, false" value="1" type="GuiResourceData"/>
<property name="regalu_testbench.v, 369, 108, true, false, false, false, false" value="1" type="GuiResourceData"/>
<property name="regalu_testbench.v, 369, 176, true, false, false, false, false" value="1" type="GuiResourceData"/>
<property name="regalu_testbench.v, 371, 450" value="1" type="GuiResourceData"/>
<property name="regalu_testbench.v, 371, 450, false, false, false, false, true" value="1" type="GuiResourceData"/>
<property name="regalu_testbench.v, 371, 453" value="2" type="GuiResourceData"/>
<property name="regalu_testbench.v, 371, 453, false, false, false, false, true" value="1" type="GuiResourceData"/>
<property name="regalu_testbench.v, 372, 481" value="1" type="GuiResourceData"/>
<property name="regalu_testbench.v, 392, 236" value="1" type="GuiResourceData"/>
<property name="regalu_testbench.v, 393, 236" value="1" type="GuiResourceData"/>
<property name="regalu_testbench.v, 393, 236, false, false, false, false, true" value="1" type="GuiResourceData"/>
<property name="regalu_testbench.v, 393, 248" value="2" type="GuiResourceData"/>
<property name="regalu_testbench.v, 393, 248, false, false, false, false, true" value="1" type="GuiResourceData"/>
<property name="regalu_testbench.v, 395, 324" value="1" type="GuiResourceData"/>
<property name="regalu_testbench.v, 396, 324" value="1" type="GuiResourceData"/>
<property name="regalu_testbench.v, 396, 324, false, false, false, false, true" value="1" type="GuiResourceData"/>
<property name="regalu_testbench.v, 420, 361, true, false, false, false, false" value="1" type="GuiResourceData"/>
<property name="regalu_testbench.v, 423, 469" value="1" type="GuiResourceData"/>
<property name="regalu_testbench.v, 425, 195" value="2" type="GuiResourceData"/>
<property name="regalu_testbench.v, 425, 195, false, false, false, false, true" value="1" type="GuiResourceData"/>
<property name="regalu_testbench.v, 432, 333" value="1" type="GuiResourceData"/>
<property name="regalu_testbench.v, 441, 142" value="2" type="GuiResourceData"/>
<property name="regalu_testbench.v, 441, 142, false, false, false, false, true" value="1" type="GuiResourceData"/>
<property name="regalu_testbench.v, 442, 496" value="4" type="GuiResourceData"/>
<property name="regalu_testbench.v, 442, 496, false, false, false, false, true" value="1" type="GuiResourceData"/>
<property name="regalu_testbench.v, 456, 141" value="1" type="GuiResourceData"/>
<property name="regalu_testbench.v, 457, 369" value="1" type="GuiResourceData"/>
<property name="regalu_testbench.v, 459, 413" value="2" type="GuiResourceData"/>
<property name="regalu_testbench.v, 459, 413, false, false, false, false, true" value="1" type="GuiResourceData"/>
<property name="regalu_testbench.v, 461, 449" value="2" type="GuiResourceData"/>
<property name="regalu_testbench.v, 461, 449, false, false, false, false, true" value="1" type="GuiResourceData"/>
<property name="regalu_testbench.v, 463, 405" value="2" type="GuiResourceData"/>
<property name="regalu_testbench.v, 463, 405, false, false, false, false, true" value="1" type="GuiResourceData"/>
<property name="regalu_testbench.v, 464, 174" value="1" type="GuiResourceData"/>
<property name="regalu_testbench.v, 466, 173" value="1" type="GuiResourceData"/>
<property name="regalu_testbench.v, 466, 174" value="1" type="GuiResourceData"/>
<property name="regalu_testbench.v, 468, 444" value="1" type="GuiResourceData"/>
<property name="regalu_testbench.v, 468, 444, false, false, false, false, true" value="1" type="GuiResourceData"/>
<property name="regalu_testbench.v, 469, 533" value="1" type="GuiResourceData"/>
<property name="regalu_testbench.v, 469, 533, false, false, false, false, true" value="1" type="GuiResourceData"/>
<property name="regalu_testbench.v, 470, 431" value="1" type="GuiResourceData"/>
<property name="regalu_testbench.v, 470, 431, false, false, false, false, true" value="1" type="GuiResourceData"/>
<property name="regalu_testbench.v, 470, 46" value="2" type="GuiResourceData"/>
<property name="regalu_testbench.v, 470, 46, false, false, false, false, true" value="1" type="GuiResourceData"/>
<property name="regalu_testbench.v, 470, 467" value="1" type="GuiResourceData"/>
<property name="regalu_testbench.v, 471, 500" value="1" type="GuiResourceData"/>
<property name="regalu_testbench.v, 471, 500, false, false, false, false, true" value="1" type="GuiResourceData"/>
<property name="regalu_testbench.v, 473, 580" value="1" type="GuiResourceData"/>
<property name="regalu_testbench.v, 473, 580, false, false, false, false, true" value="1" type="GuiResourceData"/>
<property name="regalu_testbench.v, 474, 279" value="1" type="GuiResourceData"/>
<property name="regalu_testbench.v, 474, 279, false, false, false, false, true" value="1" type="GuiResourceData"/>
<property name="regalu_testbench.v, 474, 531" value="1" type="GuiResourceData"/>
<property name="regalu_testbench.v, 474, 531, false, false, false, false, true" value="1" type="GuiResourceData"/>
<property name="regalu_testbench.v, 474, 595" value="3" type="GuiResourceData"/>
<property name="regalu_testbench.v, 474, 595, false, false, false, false, true" value="1" type="GuiResourceData"/>
<property name="regalu_testbench.v, 474, 597" value="1" type="GuiResourceData"/>
<property name="regalu_testbench.v, 474, 597, false, false, false, false, true" value="1" type="GuiResourceData"/>
<property name="regalu_testbench.v, 475, 149" value="2" type="GuiResourceData"/>
<property name="regalu_testbench.v, 475, 149, false, false, false, false, true" value="1" type="GuiResourceData"/>
<property name="regalu_testbench.v, 475, 493" value="1" type="GuiResourceData"/>
<property name="regalu_testbench.v, 475, 494, false, false, false, false, true" value="1" type="GuiResourceData"/>
<property name="regalu_testbench.v, 476, 115" value="2" type="GuiResourceData"/>
<property name="regalu_testbench.v, 476, 115, false, false, false, false, true" value="1" type="GuiResourceData"/>
<property name="regalu_testbench.v, 478, 485" value="1" type="GuiResourceData"/>
<property name="regalu_testbench.v, 48, 535" value="1" type="GuiResourceData"/>
<property name="regalu_testbench.v, 481, 395" value="2" type="GuiResourceData"/>
<property name="regalu_testbench.v, 487, 532" value="1" type="GuiResourceData"/>
<property name="regalu_testbench.v, 488, 431, true, false, false, false, false" value="1" type="GuiResourceData"/>
<property name="regalu_testbench.v, 488, 532, false, false, false, false, true" value="1" type="GuiResourceData"/>
<property name="regalu_testbench.v, 490, 299" value="1" type="GuiResourceData"/>
<property name="regalu_testbench.v, 491, 298" value="1" type="GuiResourceData"/>
<property name="regalu_testbench.v, 491, 298, false, false, false, false, true" value="1" type="GuiResourceData"/>
<property name="regalu_testbench.v, 491, 317" value="2" type="GuiResourceData"/>
<property name="regalu_testbench.v, 491, 317, false, false, false, false, true" value="1" type="GuiResourceData"/>
<property name="regalu_testbench.v, 494, 290" value="2" type="GuiResourceData"/>
<property name="regalu_testbench.v, 494, 290, false, false, false, false, true" value="1" type="GuiResourceData"/>
<property name="regalu_testbench.v, 494, 306" value="1" type="GuiResourceData"/>
<property name="regalu_testbench.v, 500, 484" value="1" type="GuiResourceData"/>
<property name="regalu_testbench.v, 500, 484, false, false, false, false, true" value="1" type="GuiResourceData"/>
<property name="regalu_testbench.v, 500, 501" value="1" type="GuiResourceData"/>
<property name="regalu_testbench.v, 500, 501, false, false, false, false, true" value="1" type="GuiResourceData"/>
<property name="regalu_testbench.v, 500, 571" value="1" type="GuiResourceData"/>
<property name="regalu_testbench.v, 501, 585" value="1" type="GuiResourceData"/>
<property name="regalu_testbench.v, 501, 585, false, false, false, false, true" value="1" type="GuiResourceData"/>
<property name="regalu_testbench.v, 502, 194" value="1" type="GuiResourceData"/>
<property name="regalu_testbench.v, 507, 226" value="2" type="GuiResourceData"/>
<property name="regalu_testbench.v, 507, 226, false, false, false, false, true" value="1" type="GuiResourceData"/>
<property name="regalu_testbench.v, 51, 433" value="2" type="GuiResourceData"/>
<property name="regalu_testbench.v, 51, 433, false, false, false, false, true" value="1" type="GuiResourceData"/>
<property name="regalu_testbench.v, 510, 212" value="1" type="GuiResourceData"/>
<property name="regalu_testbench.v, 513, 481" value="1" type="GuiResourceData"/>
<property name="regalu_testbench.v, 513, 501" value="2" type="GuiResourceData"/>
<property name="regalu_testbench.v, 513, 501, false, false, false, false, true" value="1" type="GuiResourceData"/>
<property name="regalu_testbench.v, 519, 417" value="1" type="GuiResourceData"/>
<property name="regalu_testbench.v, 521, 249" value="1" type="GuiResourceData"/>
<property name="regalu_testbench.v, 522, 328, true, false, false, false, false" value="1" type="GuiResourceData"/>
<property name="regalu_testbench.v, 528, 442" value="1" type="GuiResourceData"/>
<property name="regalu_testbench.v, 528, 583" value="1" type="GuiResourceData"/>
<property name="regalu_testbench.v, 528, 583, false, false, false, false, true" value="1" type="GuiResourceData"/>
<property name="regalu_testbench.v, 536, 440" value="1" type="GuiResourceData"/>
<property name="regalu_testbench.v, 541, 363, true, false, false, false, false" value="1" type="GuiResourceData"/>
<property name="regalu_testbench.v, 543, 178" value="1" type="GuiResourceData"/>
<property name="regalu_testbench.v, 548, 485" value="1" type="GuiResourceData"/>
<property name="regalu_testbench.v, 548, 485, false, false, false, false, true" value="1" type="GuiResourceData"/>
<property name="regalu_testbench.v, 548, 502, true, false, false, false, false" value="1" type="GuiResourceData"/>
<property name="regalu_testbench.v, 552, 472" value="1" type="GuiResourceData"/>
<property name="regalu_testbench.v, 56, 513" value="1" type="GuiResourceData"/>
<property name="regalu_testbench.v, 567, 335" value="1" type="GuiResourceData"/>
<property name="regalu_testbench.v, 569, 237" value="1" type="GuiResourceData"/>
<property name="regalu_testbench.v, 57, 531" value="1" type="GuiResourceData"/>
<property name="regalu_testbench.v, 572, 497" value="1" type="GuiResourceData"/>
<property name="regalu_testbench.v, 573, 546" value="1" type="GuiResourceData"/>
<property name="regalu_testbench.v, 574, 296, true, false, false, false, false" value="1" type="GuiResourceData"/>
<property name="regalu_testbench.v, 574, 587" value="1" type="GuiResourceData"/>
<property name="regalu_testbench.v, 578, 605" value="1" type="GuiResourceData"/>
<property name="regalu_testbench.v, 584, 266" value="1" type="GuiResourceData"/>
<property name="regalu_testbench.v, 584, 266, false, false, false, false, true" value="1" type="GuiResourceData"/>
<property name="regalu_testbench.v, 588, 415" value="1" type="GuiResourceData"/>
<property name="regalu_testbench.v, 592, 421" value="1" type="GuiResourceData"/>
<property name="regalu_testbench.v, 594, 341" value="1" type="GuiResourceData"/>
<property name="regalu_testbench.v, 595, 482" value="1" type="GuiResourceData"/>
<property name="regalu_testbench.v, 595, 497" value="1" type="GuiResourceData"/>
<property name="regalu_testbench.v, 598, 379" value="1" type="GuiResourceData"/>
<property name="regalu_testbench.v, 60, 446" value="1" type="GuiResourceData"/>
<property name="regalu_testbench.v, 608, 298" value="1" type="GuiResourceData"/>
<property name="regalu_testbench.v, 625, 175" value="1" type="GuiResourceData"/>
<property name="regalu_testbench.v, 63, 435" value="1" type="GuiResourceData"/>
<property name="regalu_testbench.v, 641, 409" value="1" type="GuiResourceData"/>
<property name="regalu_testbench.v, 68, 457" value="1" type="GuiResourceData"/>
<property name="regalu_testbench.v, 711, 281" value="1" type="GuiResourceData"/>
<property name="regalu_testbench.v, 712, 181" value="1" type="GuiResourceData"/>
<property name="regalu_testbench.v, 72, 575" value="1" type="GuiResourceData"/>
<property name="regalu_testbench.v, 724, 280" value="1" type="GuiResourceData"/>
<property name="regalu_testbench.v, 731, 283" value="1" type="GuiResourceData"/>
<property name="regalu_testbench.v, 75, 482" value="1" type="GuiResourceData"/>
<property name="regalu_testbench.v, 78, 334" value="1" type="GuiResourceData"/>
<property name="regalu_testbench.v, 78, 468" value="2" type="GuiResourceData"/>
<property name="regalu_testbench.v, 78, 468, false, false, false, false, true" value="1" type="GuiResourceData"/>
<property name="regalu_testbench.v, 79, 413" value="1" type="GuiResourceData"/>
<property name="regalu_testbench.v, 79, 555" value="1" type="GuiResourceData"/>
<property name="regalu_testbench.v, 80, 393" value="1" type="GuiResourceData"/>
<property name="regalu_testbench.v, 81, 471" value="1" type="GuiResourceData"/>
<property name="regalu_testbench.v, 82, 400, true, false, false, false, false" value="1" type="GuiResourceData"/>
<property name="regalu_testbench.v, 85, 330" value="1" type="GuiResourceData"/>
<property name="regalu_testbench.v, 85, 331" value="1" type="GuiResourceData"/>
<property name="regalu_testbench.v, 85, 331, false, false, false, false, true" value="1" type="GuiResourceData"/>
<property name="regalu_testbench.v, 86, 354" value="1" type="GuiResourceData"/>
<property name="regalu_testbench.v, 88, 265" value="1" type="GuiResourceData"/>
<property name="regalu_testbench.v, 88, 316" value="1" type="GuiResourceData"/>
<property name="regalu_testbench.v, 88, 353" value="1" type="GuiResourceData"/>
<property name="regalu_testbench.v, 88, 480" value="1" type="GuiResourceData"/>
<property name="regalu_testbench.v, 88, 481, false, false, false, false, true" value="1" type="GuiResourceData"/>
<property name="regalu_testbench.v, 90, 365" value="2" type="GuiResourceData"/>
<property name="regalu_testbench.v, 90, 365, false, false, false, false, true" value="1" type="GuiResourceData"/>
<property name="regalu_testbench.v, 90, 484" value="1" type="GuiResourceData"/>
<property name="regalu_testbench.v, 92, 165" value="1" type="GuiResourceData"/>
<property name="regalu_testbench.v, 92, 419" value="1" type="GuiResourceData"/>
<property name="regalu_testbench.v, 94, 240" value="1" type="GuiResourceData"/>
<property name="regalu_testbench.v, 94, 240, false, false, false, false, true" value="1" type="GuiResourceData"/>
<property name="regalu_testbench.v, 94, 333" value="1" type="GuiResourceData"/>
<property name="regalu_testbench.v, 94, 431" value="1" type="GuiResourceData"/>
<property name="regalu_testbench.v, 96, 311" value="1" type="GuiResourceData"/>
<property name="regalu_testbench.v, 96, 502" value="1" type="GuiResourceData"/>
<property name="regalu_testbench.v, 96, 502, false, false, false, false, true" value="1" type="GuiResourceData"/>
<property name="regalu_testbench.v, 96, 536" value="1" type="GuiResourceData"/>
<property name="regalu_testbench.v, 97, 181" value="1" type="GuiResourceData"/>
<property name="regalu_testbench.v, 97, 181, false, false, false, false, true" value="1" type="GuiResourceData"/>
<property name="regalu_testbench.v, 974, 435" value="1" type="GuiResourceData"/>
<property name="regalu_testbench.v, 975, 520" value="1" type="GuiResourceData"/>
<property name="regalu_testbench.v, 978, 80" value="1" type="GuiResourceData"/>
<property name="regalu_testbench.v, 982, 459" value="1" type="GuiResourceData"/>
<property name="regalu_testbench.v, 983, 184" value="1" type="GuiResourceData"/>
</item>
<item name="Other">
<property name="GuiMode" value="3" type="GuiMode"/>
<property name="BatchMode" value="0" type="BatchMode"/>
<property name="TclMode" value="0" type="TclMode"/>
</item>
</section>
</application>
</document>
