<?xml version="1.0" encoding="UTF-8" ?>
<document>
<!--The data in this file is primarily intended for consumption by Xilinx tools.
The structure and the elements are likely to change over the next few releases.
This means code written to parse this file will need to be revisited each subsequent release.-->
<application name="pa" timeStamp="Mon Jul 30 15:07:09 2018">
<section name="Project Information" visible="false">
<property name="ProjectID" value="9d017af425ff46a6bfbabeaca310b014" type="ProjectID"/>
<property name="ProjectIteration" value="1" type="ProjectIteration"/>
</section>
<section name="PlanAhead Usage" visible="true">
<item name="Project Data">
<property name="SrcSetCount" value="1" type="SrcSetCount"/>
<property name="ConstraintSetCount" value="1" type="ConstraintSetCount"/>
<property name="DesignMode" value="RTL" type="DesignMode"/>
<property name="SynthesisStrategy" value="Vivado Synthesis Defaults" type="SynthesisStrategy"/>
<property name="ImplStrategy" value="Vivado Implementation Defaults" type="ImplStrategy"/>
</item>
<item name="Java Command Handlers">
<property name="AddSources" value="2" type="JavaHandler"/>
<property name="ArchiveProject" value="1" type="JavaHandler"/>
<property name="NewProject" value="1" type="JavaHandler"/>
<property name="SaveFileProxyHandler" value="2" type="JavaHandler"/>
</item>
<item name="Gui Resources Info">
<property name="FINISH, Finish" value="3" type="GuiResourceData"/>
<property name="NEXT, Next " value="6" type="GuiResourceData"/>
<property name="PAResourceAtoD.AddSrcWizard_SPECIFY_SIMULATION_SPECIFIC_HDL_FILES, Add or create simulation sources" value="1" type="GuiResourceData"/>
<property name="PAResourceAtoD.AddSrcWizard_SPECIFY_SYSTEM_GENERATOR_FOR_DSP_SOURCES, Add or create DSP sources" value="1" type="GuiResourceData"/>
<property name="PAResourceAtoD.CreateSrcFileDialog_FILE_NAME, cpu5" value="1" type="GuiResourceData"/>
<property name="PAResourceAtoD.CreateSrcFileDialog_FILE_NAME, cpu56" value="1" type="GuiResourceData"/>
<property name="PAResourceAtoD.CreateSrcFileDialog_FILE_NAME, cpu5_testbench" value="1" type="GuiResourceData"/>
<property name="PAResourceCommand.PACommandNames_ARCHIVE_PROJECT, Archive Project..." value="1" type="GuiResourceData"/>
<property name="PAResourceEtoH.FileSetPanel_FILE_SET_PANEL_TREE, [root, Design Sources, cpu5 (cpu5.v" value="7" type="GuiResourceData"/>
<property name="PAResourceEtoH.FileSetPanel_FILE_SET_PANEL_TREE, [root, Design Sources], 0, true" value="1" type="GuiResourceData"/>
<property name="PAResourceEtoH.FileSetPanel_FILE_SET_PANEL_TREE, [root, Simulation Sources, sim_1, cpu5_testbench (cpu5_testbench.v" value="2" type="GuiResourceData"/>
<property name="PAResourceEtoH.FileSetPanel_FILE_SET_PANEL_TREE, [root, Simulation Sources, sim_1], 4" value="1" type="GuiResourceData"/>
<property name="PAResourceEtoH.FileSetPanel_FILE_SET_PANEL_TREE, [root, Simulation Sources], 3, true" value="1" type="GuiResourceData"/>
<property name="PAResourceEtoH.FlowNavigatorTreePanel_FLOW_NAVIGATOR_TREE, [, Project Manager, Add Sources], 2, false" value="2" type="GuiResourceData"/>
<property name="PAResourceEtoH.GettingStartedView_CREATE_NEW_PROJECT, Create New Project" value="1" type="GuiResourceData"/>
<property name="PAResourceItoN.MainMenuMgr_FILE, File" value="2" type="GuiResourceData"/>
<property name="PAResourceItoN.MainMenuMgr_OPEN_RECENT_FILE, Open Recent File" value="4" type="GuiResourceData"/>
<property name="PAResourceItoN.MainMenuMgr_OPEN_RECENT_PROJECT, Open Recent Project" value="1" type="GuiResourceData"/>
<property name="PAResourceOtoP.ProjectNameChooser_PROJECT_NAME, lab7" value="1" type="GuiResourceData"/>
<property name="PAResourceQtoS.SrcChooserPanel_CREATE_FILE, Create File" value="2" type="GuiResourceData"/>
<property name="RDIResource.BaseDialog_OK, OK" value="5" type="GuiResourceData"/>
<property name="RDIResource.HCodeEditor_BLANK_OPERATIONS, Blank Operations" value="2" type="GuiResourceData"/>
<property name="RDIResource.HCodeEditor_COMMANDS_TO_FOLD_TEXT, Folding" value="2" type="GuiResourceData"/>
<property name="RDIResource.HCodeEditor_DIFF_WITH, Diff with" value="2" type="GuiResourceData"/>
<property name="RDIResource.HCodeEditor_SEARCH_TEXT_COMBO_BOX, mux_to_2_1" value="1" type="GuiResourceData"/>
<property name="RDIResource.HCodeEditor_SEARCH_TEXT_COMBO_BOX, mux_to_2_1, true" value="1" type="GuiResourceData"/>
<property name="RDIResource.HCodeEditor_SEARCH_TEXT_COMBO_BOX, reset" value="1" type="GuiResourceData"/>
<property name="RDIResource.HCodeEditor_SEARCH_TEXT_COMBO_BOX, reset, true" value="1" type="GuiResourceData"/>
<property name="cpu5.v, 1, 385, true, false, false, false, false" value="1" type="GuiResourceData"/>
<property name="cpu5.v, 100, 249" value="1" type="GuiResourceData"/>
<property name="cpu5.v, 100, 263" value="2" type="GuiResourceData"/>
<property name="cpu5.v, 100, 263, false, false, false, false, true" value="1" type="GuiResourceData"/>
<property name="cpu5.v, 101, 112" value="1" type="GuiResourceData"/>
<property name="cpu5.v, 101, 154" value="1" type="GuiResourceData"/>
<property name="cpu5.v, 101, 310" value="1" type="GuiResourceData"/>
<property name="cpu5.v, 101, 310, false, false, false, false, true" value="1" type="GuiResourceData"/>
<property name="cpu5.v, 101, 399" value="1" type="GuiResourceData"/>
<property name="cpu5.v, 101, 399, false, false, false, false, true" value="1" type="GuiResourceData"/>
<property name="cpu5.v, 101, 412" value="1" type="GuiResourceData"/>
<property name="cpu5.v, 102, 366" value="1" type="GuiResourceData"/>
<property name="cpu5.v, 106, 160" value="1" type="GuiResourceData"/>
<property name="cpu5.v, 108, 154" value="1" type="GuiResourceData"/>
<property name="cpu5.v, 111, 209" value="1" type="GuiResourceData"/>
<property name="cpu5.v, 112, 333" value="2" type="GuiResourceData"/>
<property name="cpu5.v, 112, 333, false, false, false, false, true" value="1" type="GuiResourceData"/>
<property name="cpu5.v, 113, 223" value="1" type="GuiResourceData"/>
<property name="cpu5.v, 113, 336" value="2" type="GuiResourceData"/>
<property name="cpu5.v, 113, 336, false, false, false, false, true" value="1" type="GuiResourceData"/>
<property name="cpu5.v, 113, 536" value="1" type="GuiResourceData"/>
<property name="cpu5.v, 113, 536, false, false, false, false, true" value="1" type="GuiResourceData"/>
<property name="cpu5.v, 114, 321, false, false, false, false, true" value="1" type="GuiResourceData"/>
<property name="cpu5.v, 114, 322" value="1" type="GuiResourceData"/>
<property name="cpu5.v, 114, 347" value="1" type="GuiResourceData"/>
<property name="cpu5.v, 115, 249" value="1" type="GuiResourceData"/>
<property name="cpu5.v, 116, 171, false, true, false, false, false" value="1" type="GuiResourceData"/>
<property name="cpu5.v, 116, 255" value="1" type="GuiResourceData"/>
<property name="cpu5.v, 116, 258" value="2" type="GuiResourceData"/>
<property name="cpu5.v, 116, 258, false, false, false, false, true" value="1" type="GuiResourceData"/>
<property name="cpu5.v, 116, 442" value="1" type="GuiResourceData"/>
<property name="cpu5.v, 117, 221" value="1" type="GuiResourceData"/>
<property name="cpu5.v, 119, 336" value="1" type="GuiResourceData"/>
<property name="cpu5.v, 119, 402" value="1" type="GuiResourceData"/>
<property name="cpu5.v, 120, 199" value="1" type="GuiResourceData"/>
<property name="cpu5.v, 120, 222" value="1" type="GuiResourceData"/>
<property name="cpu5.v, 120, 281" value="1" type="GuiResourceData"/>
<property name="cpu5.v, 121, 205" value="1" type="GuiResourceData"/>
<property name="cpu5.v, 124, 341" value="1" type="GuiResourceData"/>
<property name="cpu5.v, 127, 201" value="2" type="GuiResourceData"/>
<property name="cpu5.v, 127, 324" value="1" type="GuiResourceData"/>
<property name="cpu5.v, 127, 402" value="1" type="GuiResourceData"/>
<property name="cpu5.v, 128, 270" value="1" type="GuiResourceData"/>
<property name="cpu5.v, 129, 90" value="1" type="GuiResourceData"/>
<property name="cpu5.v, 131, 470" value="1" type="GuiResourceData"/>
<property name="cpu5.v, 133, 324" value="2" type="GuiResourceData"/>
<property name="cpu5.v, 133, 324, false, false, false, false, true" value="1" type="GuiResourceData"/>
<property name="cpu5.v, 133, 456" value="1" type="GuiResourceData"/>
<property name="cpu5.v, 134, 320" value="1" type="GuiResourceData"/>
<property name="cpu5.v, 134, 320, false, false, false, false, true" value="1" type="GuiResourceData"/>
<property name="cpu5.v, 135, 288" value="1" type="GuiResourceData"/>
<property name="cpu5.v, 135, 288, false, false, false, false, true" value="1" type="GuiResourceData"/>
<property name="cpu5.v, 136, 394" value="1" type="GuiResourceData"/>
<property name="cpu5.v, 136, 459" value="1" type="GuiResourceData"/>
<property name="cpu5.v, 136, 84" value="1" type="GuiResourceData"/>
<property name="cpu5.v, 137, 462" value="1" type="GuiResourceData"/>
<property name="cpu5.v, 141, 196, false, false, false, false, true" value="1" type="GuiResourceData"/>
<property name="cpu5.v, 142, 196" value="1" type="GuiResourceData"/>
<property name="cpu5.v, 142, 277" value="1" type="GuiResourceData"/>
<property name="cpu5.v, 142, 81" value="1" type="GuiResourceData"/>
<property name="cpu5.v, 143, 316" value="1" type="GuiResourceData"/>
<property name="cpu5.v, 144, 155" value="1" type="GuiResourceData"/>
<property name="cpu5.v, 144, 256" value="2" type="GuiResourceData"/>
<property name="cpu5.v, 144, 256, false, false, false, false, true" value="1" type="GuiResourceData"/>
<property name="cpu5.v, 144, 418" value="1" type="GuiResourceData"/>
<property name="cpu5.v, 147, 212" value="1" type="GuiResourceData"/>
<property name="cpu5.v, 148, 90" value="1" type="GuiResourceData"/>
<property name="cpu5.v, 149, 385" value="1" type="GuiResourceData"/>
<property name="cpu5.v, 150, 259" value="2" type="GuiResourceData"/>
<property name="cpu5.v, 150, 259, false, false, false, false, true" value="1" type="GuiResourceData"/>
<property name="cpu5.v, 151, 384" value="1" type="GuiResourceData"/>
<property name="cpu5.v, 152, 241" value="2" type="GuiResourceData"/>
<property name="cpu5.v, 152, 241, false, false, false, false, true" value="1" type="GuiResourceData"/>
<property name="cpu5.v, 152, 269" value="2" type="GuiResourceData"/>
<property name="cpu5.v, 152, 269, false, false, false, false, true" value="1" type="GuiResourceData"/>
<property name="cpu5.v, 153, 207" value="1" type="GuiResourceData"/>
<property name="cpu5.v, 154, 152" value="1" type="GuiResourceData"/>
<property name="cpu5.v, 154, 248" value="1" type="GuiResourceData"/>
<property name="cpu5.v, 154, 431" value="1" type="GuiResourceData"/>
<property name="cpu5.v, 155, 117" value="2" type="GuiResourceData"/>
<property name="cpu5.v, 155, 117, false, false, false, false, true" value="1" type="GuiResourceData"/>
<property name="cpu5.v, 155, 149" value="1" type="GuiResourceData"/>
<property name="cpu5.v, 156, 266" value="1" type="GuiResourceData"/>
<property name="cpu5.v, 157, 154, false, false, false, false, true" value="1" type="GuiResourceData"/>
<property name="cpu5.v, 161, 140" value="1" type="GuiResourceData"/>
<property name="cpu5.v, 161, 141" value="1" type="GuiResourceData"/>
<property name="cpu5.v, 161, 454" value="1" type="GuiResourceData"/>
<property name="cpu5.v, 161, 454, false, false, false, false, true" value="1" type="GuiResourceData"/>
<property name="cpu5.v, 161, 90" value="1" type="GuiResourceData"/>
<property name="cpu5.v, 162, 349" value="1" type="GuiResourceData"/>
<property name="cpu5.v, 162, 429" value="1" type="GuiResourceData"/>
<property name="cpu5.v, 164, 171" value="1" type="GuiResourceData"/>
<property name="cpu5.v, 164, 313" value="1" type="GuiResourceData"/>
<property name="cpu5.v, 165, 477" value="1" type="GuiResourceData"/>
<property name="cpu5.v, 165, 98" value="1" type="GuiResourceData"/>
<property name="cpu5.v, 166, 208" value="1" type="GuiResourceData"/>
<property name="cpu5.v, 167, 155" value="1" type="GuiResourceData"/>
<property name="cpu5.v, 168, 297" value="1" type="GuiResourceData"/>
<property name="cpu5.v, 171, 271" value="1" type="GuiResourceData"/>
<property name="cpu5.v, 171, 271, false, false, false, false, true" value="1" type="GuiResourceData"/>
<property name="cpu5.v, 172, 196" value="1" type="GuiResourceData"/>
<property name="cpu5.v, 172, 253" value="2" type="GuiResourceData"/>
<property name="cpu5.v, 172, 253, false, false, false, false, true" value="1" type="GuiResourceData"/>
<property name="cpu5.v, 172, 77" value="1" type="GuiResourceData"/>
<property name="cpu5.v, 172, 77, false, false, false, false, true" value="1" type="GuiResourceData"/>
<property name="cpu5.v, 174, 387" value="1" type="GuiResourceData"/>
<property name="cpu5.v, 175, 290" value="1" type="GuiResourceData"/>
<property name="cpu5.v, 175, 290, false, false, false, false, true" value="1" type="GuiResourceData"/>
<property name="cpu5.v, 175, 300" value="1" type="GuiResourceData"/>
<property name="cpu5.v, 175, 317" value="1" type="GuiResourceData"/>
<property name="cpu5.v, 177, 268" value="1" type="GuiResourceData"/>
<property name="cpu5.v, 177, 476, false, false, true, false, false" value="1" type="GuiResourceData"/>
<property name="cpu5.v, 182, 251" value="2" type="GuiResourceData"/>
<property name="cpu5.v, 182, 251, false, false, false, false, true" value="1" type="GuiResourceData"/>
<property name="cpu5.v, 184, 81" value="1" type="GuiResourceData"/>
<property name="cpu5.v, 186, 297" value="1" type="GuiResourceData"/>
<property name="cpu5.v, 187, 130" value="1" type="GuiResourceData"/>
<property name="cpu5.v, 188, 187" value="1" type="GuiResourceData"/>
<property name="cpu5.v, 188, 250" value="2" type="GuiResourceData"/>
<property name="cpu5.v, 188, 250, false, false, false, false, true" value="1" type="GuiResourceData"/>
<property name="cpu5.v, 189, 154" value="1" type="GuiResourceData"/>
<property name="cpu5.v, 192, 381" value="1" type="GuiResourceData"/>
<property name="cpu5.v, 193, 264" value="1" type="GuiResourceData"/>
<property name="cpu5.v, 194, 245" value="1" type="GuiResourceData"/>
<property name="cpu5.v, 195, 71" value="1" type="GuiResourceData"/>
<property name="cpu5.v, 196, 379" value="1" type="GuiResourceData"/>
<property name="cpu5.v, 198, 383" value="1" type="GuiResourceData"/>
<property name="cpu5.v, 199, 112" value="1" type="GuiResourceData"/>
<property name="cpu5.v, 199, 189" value="1" type="GuiResourceData"/>
<property name="cpu5.v, 200, 297" value="1" type="GuiResourceData"/>
<property name="cpu5.v, 200, 389" value="1" type="GuiResourceData"/>
<property name="cpu5.v, 200, 389, false, false, false, false, true" value="1" type="GuiResourceData"/>
<property name="cpu5.v, 200, 469" value="1" type="GuiResourceData"/>
<property name="cpu5.v, 202, 177" value="1" type="GuiResourceData"/>
<property name="cpu5.v, 202, 260" value="1" type="GuiResourceData"/>
<property name="cpu5.v, 203, 179" value="2" type="GuiResourceData"/>
<property name="cpu5.v, 203, 179, false, false, false, false, true" value="1" type="GuiResourceData"/>
<property name="cpu5.v, 204, 98" value="1" type="GuiResourceData"/>
<property name="cpu5.v, 205, 129" value="1" type="GuiResourceData"/>
<property name="cpu5.v, 207, 300" value="1" type="GuiResourceData"/>
<property name="cpu5.v, 210, 536" value="1" type="GuiResourceData"/>
<property name="cpu5.v, 223, 456" value="1" type="GuiResourceData"/>
<property name="cpu5.v, 225, 112" value="1" type="GuiResourceData"/>
<property name="cpu5.v, 225, 268" value="2" type="GuiResourceData"/>
<property name="cpu5.v, 225, 268, false, false, false, false, true" value="1" type="GuiResourceData"/>
<property name="cpu5.v, 225, 421" value="1" type="GuiResourceData"/>
<property name="cpu5.v, 226, 441" value="1" type="GuiResourceData"/>
<property name="cpu5.v, 229, 268" value="1" type="GuiResourceData"/>
<property name="cpu5.v, 230, 280" value="1" type="GuiResourceData"/>
<property name="cpu5.v, 232, 479" value="1" type="GuiResourceData"/>
<property name="cpu5.v, 233, 484" value="1" type="GuiResourceData"/>
<property name="cpu5.v, 234, 267" value="1" type="GuiResourceData"/>
<property name="cpu5.v, 237, 246" value="1" type="GuiResourceData"/>
<property name="cpu5.v, 237, 247" value="1" type="GuiResourceData"/>
<property name="cpu5.v, 241, 395" value="1" type="GuiResourceData"/>
<property name="cpu5.v, 241, 464" value="1" type="GuiResourceData"/>
<property name="cpu5.v, 243, 338" value="2" type="GuiResourceData"/>
<property name="cpu5.v, 243, 338, false, false, false, false, true" value="1" type="GuiResourceData"/>
<property name="cpu5.v, 244, 60" value="1" type="GuiResourceData"/>
<property name="cpu5.v, 246, 226" value="1" type="GuiResourceData"/>
<property name="cpu5.v, 248, 329" value="1" type="GuiResourceData"/>
<property name="cpu5.v, 249, 237" value="1" type="GuiResourceData"/>
<property name="cpu5.v, 249, 461, false, false, true, false, false" value="1" type="GuiResourceData"/>
<property name="cpu5.v, 25, 208" value="1" type="GuiResourceData"/>
<property name="cpu5.v, 251, 330" value="1" type="GuiResourceData"/>
<property name="cpu5.v, 251, 330, false, false, false, false, true" value="1" type="GuiResourceData"/>
<property name="cpu5.v, 252, 323" value="2" type="GuiResourceData"/>
<property name="cpu5.v, 252, 330" value="1" type="GuiResourceData"/>
<property name="cpu5.v, 253, 241, false, false, false, false, true" value="1" type="GuiResourceData"/>
<property name="cpu5.v, 253, 326" value="2" type="GuiResourceData"/>
<property name="cpu5.v, 253, 326, false, false, false, false, true" value="1" type="GuiResourceData"/>
<property name="cpu5.v, 254, 306" value="2" type="GuiResourceData"/>
<property name="cpu5.v, 254, 306, false, false, false, false, true" value="1" type="GuiResourceData"/>
<property name="cpu5.v, 254, 484, false, false, true, false, false" value="1" type="GuiResourceData"/>
<property name="cpu5.v, 254, 62" value="1" type="GuiResourceData"/>
<property name="cpu5.v, 255, 314" value="1" type="GuiResourceData"/>
<property name="cpu5.v, 255, 335" value="2" type="GuiResourceData"/>
<property name="cpu5.v, 255, 335, false, false, false, false, true" value="1" type="GuiResourceData"/>
<property name="cpu5.v, 256, 187" value="1" type="GuiResourceData"/>
<property name="cpu5.v, 256, 318" value="1" type="GuiResourceData"/>
<property name="cpu5.v, 256, 318, false, false, false, false, true" value="1" type="GuiResourceData"/>
<property name="cpu5.v, 256, 366" value="1" type="GuiResourceData"/>
<property name="cpu5.v, 257, 318" value="1" type="GuiResourceData"/>
<property name="cpu5.v, 259, 310" value="2" type="GuiResourceData"/>
<property name="cpu5.v, 259, 310, false, false, false, false, true" value="1" type="GuiResourceData"/>
<property name="cpu5.v, 261, 327" value="1" type="GuiResourceData"/>
<property name="cpu5.v, 261, 351" value="1" type="GuiResourceData"/>
<property name="cpu5.v, 262, 264" value="1" type="GuiResourceData"/>
<property name="cpu5.v, 263, 228" value="2" type="GuiResourceData"/>
<property name="cpu5.v, 263, 228, false, false, false, false, true" value="1" type="GuiResourceData"/>
<property name="cpu5.v, 263, 338" value="1" type="GuiResourceData"/>
<property name="cpu5.v, 263, 342" value="1" type="GuiResourceData"/>
<property name="cpu5.v, 263, 342, false, false, false, false, true" value="1" type="GuiResourceData"/>
<property name="cpu5.v, 265, 253" value="1" type="GuiResourceData"/>
<property name="cpu5.v, 266, 408" value="1" type="GuiResourceData"/>
<property name="cpu5.v, 267, 332" value="1" type="GuiResourceData"/>
<property name="cpu5.v, 271, 259" value="1" type="GuiResourceData"/>
<property name="cpu5.v, 272, 173" value="1" type="GuiResourceData"/>
<property name="cpu5.v, 274, 170" value="2" type="GuiResourceData"/>
<property name="cpu5.v, 274, 170, false, false, false, false, true" value="1" type="GuiResourceData"/>
<property name="cpu5.v, 274, 67" value="1" type="GuiResourceData"/>
<property name="cpu5.v, 275, 451" value="1" type="GuiResourceData"/>
<property name="cpu5.v, 276, 362" value="1" type="GuiResourceData"/>
<property name="cpu5.v, 277, 403, false, false, true, false, false" value="2" type="GuiResourceData"/>
<property name="cpu5.v, 277, 459" value="1" type="GuiResourceData"/>
<property name="cpu5.v, 278, 365" value="1" type="GuiResourceData"/>
<property name="cpu5.v, 281, 466" value="1" type="GuiResourceData"/>
<property name="cpu5.v, 289, 220" value="1" type="GuiResourceData"/>
<property name="cpu5.v, 289, 220, false, false, false, false, true" value="1" type="GuiResourceData"/>
<property name="cpu5.v, 29, 349" value="1" type="GuiResourceData"/>
<property name="cpu5.v, 293, 428" value="1" type="GuiResourceData"/>
<property name="cpu5.v, 293, 474" value="1" type="GuiResourceData"/>
<property name="cpu5.v, 293, 544" value="1" type="GuiResourceData"/>
<property name="cpu5.v, 294, 157, false, false, true, false, false" value="1" type="GuiResourceData"/>
<property name="cpu5.v, 294, 262" value="1" type="GuiResourceData"/>
<property name="cpu5.v, 296, 451" value="1" type="GuiResourceData"/>
<property name="cpu5.v, 296, 451, false, false, false, false, true" value="1" type="GuiResourceData"/>
<property name="cpu5.v, 30, 416" value="1" type="GuiResourceData"/>
<property name="cpu5.v, 300, 226" value="1" type="GuiResourceData"/>
<property name="cpu5.v, 301, 483" value="1" type="GuiResourceData"/>
<property name="cpu5.v, 302, 249" value="1" type="GuiResourceData"/>
<property name="cpu5.v, 303, 360" value="1" type="GuiResourceData"/>
<property name="cpu5.v, 309, 231" value="1" type="GuiResourceData"/>
<property name="cpu5.v, 31, 353" value="1" type="GuiResourceData"/>
<property name="cpu5.v, 312, 232" value="1" type="GuiResourceData"/>
<property name="cpu5.v, 316, 352" value="1" type="GuiResourceData"/>
<property name="cpu5.v, 321, 245" value="1" type="GuiResourceData"/>
<property name="cpu5.v, 321, 468" value="1" type="GuiResourceData"/>
<property name="cpu5.v, 325, 433" value="1" type="GuiResourceData"/>
<property name="cpu5.v, 332, 367" value="1" type="GuiResourceData"/>
<property name="cpu5.v, 334, 274" value="2" type="GuiResourceData"/>
<property name="cpu5.v, 334, 274, false, false, false, false, true" value="1" type="GuiResourceData"/>
<property name="cpu5.v, 34, 366" value="1" type="GuiResourceData"/>
<property name="cpu5.v, 366, 143" value="1" type="GuiResourceData"/>
<property name="cpu5.v, 380, 388" value="1" type="GuiResourceData"/>
<property name="cpu5.v, 380, 444" value="1" type="GuiResourceData"/>
<property name="cpu5.v, 380, 444, false, false, false, false, true" value="1" type="GuiResourceData"/>
<property name="cpu5.v, 382, 234" value="1" type="GuiResourceData"/>
<property name="cpu5.v, 383, 250" value="1" type="GuiResourceData"/>
<property name="cpu5.v, 385, 359" value="1" type="GuiResourceData"/>
<property name="cpu5.v, 40, 375" value="1" type="GuiResourceData"/>
<property name="cpu5.v, 40, 378" value="1" type="GuiResourceData"/>
<property name="cpu5.v, 400, 332" value="1" type="GuiResourceData"/>
<property name="cpu5.v, 47, 195" value="1" type="GuiResourceData"/>
<property name="cpu5.v, 47, 195, false, false, false, false, true" value="1" type="GuiResourceData"/>
<property name="cpu5.v, 47, 421" value="1" type="GuiResourceData"/>
<property name="cpu5.v, 506, 231, false, false, true, false, false" value="2" type="GuiResourceData"/>
<property name="cpu5.v, 52, 161" value="1" type="GuiResourceData"/>
<property name="cpu5.v, 52, 161, false, false, false, false, true" value="1" type="GuiResourceData"/>
<property name="cpu5.v, 523, 241, false, false, true, false, false" value="4" type="GuiResourceData"/>
<property name="cpu5.v, 54, 269" value="1" type="GuiResourceData"/>
<property name="cpu5.v, 54, 367" value="1" type="GuiResourceData"/>
<property name="cpu5.v, 541, 238, false, false, true, false, false" value="1" type="GuiResourceData"/>
<property name="cpu5.v, 55, 283" value="1" type="GuiResourceData"/>
<property name="cpu5.v, 55, 57" value="1" type="GuiResourceData"/>
<property name="cpu5.v, 55, 57, false, false, false, false, true" value="1" type="GuiResourceData"/>
<property name="cpu5.v, 550, 344" value="1" type="GuiResourceData"/>
<property name="cpu5.v, 555, 221" value="1" type="GuiResourceData"/>
<property name="cpu5.v, 557, 206" value="1" type="GuiResourceData"/>
<property name="cpu5.v, 56, 204" value="1" type="GuiResourceData"/>
<property name="cpu5.v, 56, 204, false, false, false, false, true" value="1" type="GuiResourceData"/>
<property name="cpu5.v, 56, 209" value="1" type="GuiResourceData"/>
<property name="cpu5.v, 56, 462" value="1" type="GuiResourceData"/>
<property name="cpu5.v, 563, 344" value="1" type="GuiResourceData"/>
<property name="cpu5.v, 565, 206" value="1" type="GuiResourceData"/>
<property name="cpu5.v, 58, 176" value="1" type="GuiResourceData"/>
<property name="cpu5.v, 58, 247" value="1" type="GuiResourceData"/>
<property name="cpu5.v, 58, 448" value="1" type="GuiResourceData"/>
<property name="cpu5.v, 600, 274" value="1" type="GuiResourceData"/>
<property name="cpu5.v, 67, 288" value="1" type="GuiResourceData"/>
<property name="cpu5.v, 72, 507" value="1" type="GuiResourceData"/>
<property name="cpu5.v, 73, 334" value="1" type="GuiResourceData"/>
<property name="cpu5.v, 73, 375" value="1" type="GuiResourceData"/>
<property name="cpu5.v, 77, 306" value="1" type="GuiResourceData"/>
<property name="cpu5.v, 78, 213" value="1" type="GuiResourceData"/>
<property name="cpu5.v, 78, 213, false, false, false, false, true" value="1" type="GuiResourceData"/>
<property name="cpu5.v, 79, 275" value="1" type="GuiResourceData"/>
<property name="cpu5.v, 80, 218" value="1" type="GuiResourceData"/>
<property name="cpu5.v, 81, 263" value="1" type="GuiResourceData"/>
<property name="cpu5.v, 82, 154" value="1" type="GuiResourceData"/>
<property name="cpu5.v, 84, 470" value="1" type="GuiResourceData"/>
<property name="cpu5.v, 85, 167" value="1" type="GuiResourceData"/>
<property name="cpu5.v, 85, 167, false, false, false, false, true" value="1" type="GuiResourceData"/>
<property name="cpu5.v, 85, 167, false, false, false, true, false" value="1" type="GuiResourceData"/>
<property name="cpu5.v, 87, 265" value="2" type="GuiResourceData"/>
<property name="cpu5.v, 87, 265, false, false, false, false, true" value="1" type="GuiResourceData"/>
<property name="cpu5.v, 87, 386" value="1" type="GuiResourceData"/>
<property name="cpu5.v, 88, 220" value="1" type="GuiResourceData"/>
<property name="cpu5.v, 88, 412" value="1" type="GuiResourceData"/>
<property name="cpu5.v, 89, 467" value="1" type="GuiResourceData"/>
<property name="cpu5.v, 92, 154" value="1" type="GuiResourceData"/>
<property name="cpu5.v, 94, 171" value="1" type="GuiResourceData"/>
<property name="cpu5.v, 94, 296" value="1" type="GuiResourceData"/>
<property name="cpu5.v, 94, 296, false, false, false, false, true" value="1" type="GuiResourceData"/>
<property name="cpu5.v, 94, 387" value="1" type="GuiResourceData"/>
<property name="cpu5.v, 95, 289" value="1" type="GuiResourceData"/>
<property name="cpu5.v, 96, 157" value="1" type="GuiResourceData"/>
<property name="cpu5.v, 96, 157, false, false, false, false, true" value="1" type="GuiResourceData"/>
<property name="cpu5.v, 96, 427" value="1" type="GuiResourceData"/>
<property name="cpu5.v, 96, 514" value="1" type="GuiResourceData"/>
<property name="cpu5.v, 99, 196" value="1" type="GuiResourceData"/>
<property name="cpu5_testbench.v, 207, 183" value="1" type="GuiResourceData"/>
<property name="cpu5_testbench.v, 253, 236" value="1" type="GuiResourceData"/>
<property name="cpu5_testbench.v, 263, 277" value="1" type="GuiResourceData"/>
<property name="cpu5_testbench.v, 263, 277, false, false, false, false, true" value="1" type="GuiResourceData"/>
<property name="cpu5_testbench.v, 360, 275, true, false, false, false, false" value="1" type="GuiResourceData"/>
<property name="cpu5_testbench.v, 367, 280, true, false, false, false, false" value="1" type="GuiResourceData"/>
<property name="cpu5_testbench.v, 367, 280, true, false, false, false, true" value="1" type="GuiResourceData"/>
<property name="cpu5_testbench.v, 368, 279, true, false, false, false, false" value="1" type="GuiResourceData"/>
<property name="cpu5_testbench.v, 569, 249" value="1" type="GuiResourceData"/>
<property name="cpu5_testbench.v, 65, 369" value="1" type="GuiResourceData"/>
<property name="cpu5_testbench.v, 695, 365" value="1" type="GuiResourceData"/>
<property name="cpu5_testbench.v, 697, 365, false, false, false, false, true" value="1" type="GuiResourceData"/>
</item>
<item name="Other">
<property name="GuiMode" value="4" type="GuiMode"/>
<property name="BatchMode" value="0" type="BatchMode"/>
<property name="TclMode" value="0" type="TclMode"/>
</item>
</section>
</application>
</document>
