<?xml version="1.0" encoding="UTF-8" ?>
<document>
<!--The data in this file is primarily intended for consumption by Xilinx tools.
The structure and the elements are likely to change over the next few releases.
This means code written to parse this file will need to be revisited each subsequent release.-->
<application name="pa" timeStamp="Mon Jul 16 01:07:34 2018">
<section name="Project Information" visible="false">
<property name="ProjectID" value="cbc7de5daec642448a9a805f6740e2ed" type="ProjectID"/>
<property name="ProjectIteration" value="1" type="ProjectIteration"/>
</section>
<section name="PlanAhead Usage" visible="true">
<item name="Project Data">
<property name="SrcSetCount" value="1" type="SrcSetCount"/>
<property name="ConstraintSetCount" value="1" type="ConstraintSetCount"/>
<property name="DesignMode" value="RTL" type="DesignMode"/>
<property name="SynthesisStrategy" value="Vivado Synthesis Defaults" type="SynthesisStrategy"/>
<property name="ImplStrategy" value="Vivado Implementation Defaults" type="ImplStrategy"/>
</item>
<item name="Java Command Handlers">
<property name="AddSources" value="2" type="JavaHandler"/>
<property name="EditUndo" value="34" type="JavaHandler"/>
<property name="FlipToViewTaskRTLAnalysis" value="1" type="JavaHandler"/>
<property name="ProjectSettingsCmdHandler" value="4" type="JavaHandler"/>
<property name="RunSynthesis" value="1" type="JavaHandler"/>
<property name="SaveFileProxyHandler" value="10" type="JavaHandler"/>
<property name="SimulationClose" value="77" type="JavaHandler"/>
<property name="SimulationRestart" value="95" type="JavaHandler"/>
<property name="SimulationRun" value="97" type="JavaHandler"/>
<property name="SimulationRunAll" value="97" type="JavaHandler"/>
<property name="SimulationRunForTime" value="9" type="JavaHandler"/>
<property name="UnselectAllCmdHandler" value="1" type="JavaHandler"/>
<property name="ViewTaskProjectManager" value="5" type="JavaHandler"/>
<property name="ViewTaskRTLAnalysis" value="1" type="JavaHandler"/>
</item>
<item name="Gui Resources Info">
<property name="CANCEL, Cancel" value="4" type="GuiResourceData"/>
<property name="PAResourceAtoD.CmdMsgDialog_OK, OK" value="5" type="GuiResourceData"/>
<property name="PAResourceCommand.PACommandNames_SIMULATION_LIVE_RESTART, simulation_live_restart" value="24" type="GuiResourceData"/>
<property name="PAResourceCommand.PACommandNames_SIMULATION_LIVE_RUN_ALL, simulation_live_run_all" value="26" type="GuiResourceData"/>
<property name="PAResourceCommand.PACommandNames_SIMULATION_RUN_BEHAVIORAL, Run Behavioral Simulation" value="24" type="GuiResourceData"/>
<property name="PAResourceEtoH.FlowNavigatorTreePanel_FLOW_NAVIGATOR_TREE, [, Implementation], 10" value="1" type="GuiResourceData"/>
<property name="PAResourceEtoH.FlowNavigatorTreePanel_FLOW_NAVIGATOR_TREE, [, Program and Debug], 11" value="1" type="GuiResourceData"/>
<property name="PAResourceEtoH.FlowNavigatorTreePanel_FLOW_NAVIGATOR_TREE, [, RTL Analysis], 8, true" value="1" type="GuiResourceData"/>
<property name="PAResourceEtoH.FlowNavigatorTreePanel_FLOW_NAVIGATOR_TREE, [, Simulation, Run Simulation], 7, false" value="27" type="GuiResourceData"/>
<property name="PAResourceEtoH.FlowNavigatorTreePanel_FLOW_NAVIGATOR_TREE, [, Simulation, Simulation Settings], 6, false" value="3" type="GuiResourceData"/>
<property name="PAResourceEtoH.FlowNavigatorTreePanel_FLOW_NAVIGATOR_TREE, [, Synthesis], 9" value="1" type="GuiResourceData"/>
<property name="PAResourceQtoS.SimulationObjectsPanel_SIMULATION_OBJECTS_TREE_TABLE, Aselect[31:0] ; 00200000 ; Array, 2, Aselect[31:0], 0, true" value="4" type="GuiResourceData"/>
<property name="PAResourceQtoS.SimulationObjectsPanel_SIMULATION_OBJECTS_TREE_TABLE, Bselect[31:0] ; 00001000 ; Array, 3, Bselect[31:0], 0, true" value="2" type="GuiResourceData"/>
<property name="PAResourceQtoS.SimulationObjectsPanel_SIMULATION_OBJECTS_TREE_TABLE, Dselect[31:0] ; 00000010 ; Array, 14, Dselect[31:0], 0, true" value="1" type="GuiResourceData"/>
<property name="PAResourceQtoS.SimulationObjectsPanel_SIMULATION_OBJECTS_TREE_TABLE, Dselect[31:0] ; 00000010 ; Array, 4, Dselect[31:0], 0, true" value="1" type="GuiResourceData"/>
<property name="PAResourceQtoS.SimulationObjectsPanel_SIMULATION_OBJECTS_TREE_TABLE, Dselect[31:0] ; 00000010 ; Array, 4, Dselect[31:0], 0, true, true, false, false, false, false" value="1" type="GuiResourceData"/>
<property name="PAResourceQtoS.SimulationObjectsPanel_SIMULATION_OBJECTS_TREE_TABLE, Imm ; 0 ; Logic, 6, Imm, 0, false" value="1" type="GuiResourceData"/>
<property name="PAResourceQtoS.SimulationObjectsPanel_SIMULATION_OBJECTS_TREE_TABLE, Ref_Dselect[0:31][31:0] ; XXXXXXXX,XXXXXXXX,XXXXXXXX,00002000,00000002,00000001,40000000,00000001,00000008,00200000,00010000,80000000,00000020,00000400,00040000,01000000,00000080,00001000,04000000,00020000,00008000,00002000,00800000,00100000,00080000,00000200,00000004,04000000,02000000,00000100,08000000,00004000 ; Array, 4, Ref_Dselect[0:31][31:0], 0, true" value="2" type="GuiResourceData"/>
<property name="PAResourceQtoS.SimulationObjectsPanel_SIMULATION_OBJECTS_TREE_TABLE, Value, 1" value="2" type="GuiResourceData"/>
<property name="PAResourceQtoS.SimulationObjectsPanel_SIMULATION_OBJECTS_TREE_TABLE, Value, 1, false, false, false, false, true" value="1" type="GuiResourceData"/>
<property name="PAResourceQtoS.SimulationObjectsPanel_SIMULATION_OBJECTS_TREE_TABLE, clk ; 0 ; Logic, 1, clk, 0, false" value="1" type="GuiResourceData"/>
<property name="PAResourceQtoS.SimulationObjectsPanel_SIMULATION_OBJECTS_TREE_TABLE, dsel_intermediate[31:0] ; 00000400 ; Array, 8, dsel_intermediate[31:0], 0, true" value="3" type="GuiResourceData"/>
<property name="PAResourceQtoS.SimulationObjectsPanel_SIMULATION_OBJECTS_TREE_TABLE, dsel_intermediate_2[31:0] ; ZZZZZZZZ ; Array, 9, dsel_intermediate_2[31:0], 0, true" value="1" type="GuiResourceData"/>
<property name="PAResourceQtoS.SimulationObjectsPanel_SIMULATION_OBJECTS_TREE_TABLE, error[31:0] ; 29 ; Array, 18, error[31:0], 0, true" value="2" type="GuiResourceData"/>
<property name="PAResourceQtoS.SimulationObjectsPanel_SIMULATION_OBJECTS_TREE_TABLE, ibus[31:0] ; XXXXXXXX ; Array, 0, ibus[31:0], 0, true" value="1" type="GuiResourceData"/>
<property name="PAResourceQtoS.SimulationObjectsPanel_SIMULATION_OBJECTS_TREE_TABLE, ibus[31:0] ; XXXXXXXX ; Array, 1, ibus[31:0], 0, true" value="1" type="GuiResourceData"/>
<property name="PAResourceQtoS.SimulationObjectsPanel_SIMULATION_OBJECTS_TREE_TABLE, ibus_intermediate[31:0] ; 06ac5555 ; Array, 12, ibus_intermediate[31:0], 0, true" value="1" type="GuiResourceData"/>
<property name="PAResourceQtoS.SimulationObjectsPanel_SIMULATION_OBJECTS_TREE_TABLE, mux_output[31:0] ; 00001000 ; Array, 10, mux_output[31:0], 0, true" value="2" type="GuiResourceData"/>
<property name="PAResourceQtoS.SimulationObjectsPanel_SIMULATION_OBJECTS_TREE_TABLE, mux_post_clock[31:0] ; 00000010 ; Array, 11, mux_post_clock[31:0], 0, true" value="2" type="GuiResourceData"/>
<property name="PAResourceQtoS.SimulationScopesPanel_SIMULATION_SCOPES_TREE_TABLE, Block Type, 2" value="1" type="GuiResourceData"/>
<property name="PAResourceQtoS.SimulationScopesPanel_SIMULATION_SCOPES_TREE_TABLE, controller_testbench ; controller_testbench ; Verilog Module, 0, controller_testbench, 0, true" value="1" type="GuiResourceData"/>
<property name="PAResourceQtoS.SimulationScopesPanel_SIMULATION_SCOPES_TREE_TABLE, dselect_selector ; mux_32bit_2_to_1 ; Verilog Module, 7, dselect_selector, 0, false" value="2" type="GuiResourceData"/>
<property name="PAResourceQtoS.SimulationScopesPanel_SIMULATION_SCOPES_TREE_TABLE, dut ; controller ; Verilog Module, 1" value="1" type="GuiResourceData"/>
<property name="PAResourceQtoS.SimulationScopesPanel_SIMULATION_SCOPES_TREE_TABLE, dut ; controller ; Verilog Module, 1, dut, 0, true" value="3" type="GuiResourceData"/>
<property name="PAResourceQtoS.SimulationScopesPanel_SIMULATION_SCOPES_TREE_TABLE, opcode_and_imm ; decode_opcode ; Verilog Module, 5, opcode_and_imm, 0, false" value="1" type="GuiResourceData"/>
<property name="PAResourceQtoS.SimulationScopesPanel_SIMULATION_SCOPES_TREE_TABLE, rd_decoder ; decoder_5_to_32 ; Verilog Module, 4, rd_decoder, 0, false" value="2" type="GuiResourceData"/>
<property name="PAResourceQtoS.SimulationScopesPanel_SIMULATION_SCOPES_TREE_TABLE, rs_decoder ; decoder_5_to_32 ; Verilog Module, 2, rs_decoder, 0, false" value="2" type="GuiResourceData"/>
<property name="PAResourceQtoS.SimulationScopesPanel_SIMULATION_SCOPES_TREE_TABLE, rt_decoder ; decoder_5_to_32 ; Verilog Module, 3, rt_decoder, 0, false" value="3" type="GuiResourceData"/>
<property name="PAResourceQtoS.SimulationScopesPanel_SIMULATION_SCOPES_TREE_TABLE, s_and_cin ; find_s_and_cin ; Verilog Module, 6, s_and_cin, 0, false" value="3" type="GuiResourceData"/>
<property name="PAResourceQtoS.StateMonitor_CANCEL, Cancel" value="1" type="GuiResourceData"/>
<property name="RDIResource.BaseDialog_CANCEL, Cancel" value="1" type="GuiResourceData"/>
<property name="RDIResource.BaseDialog_OK, OK" value="19" type="GuiResourceData"/>
<property name="RDIResource.CommandsInput_TYPE_TCL_COMMAND_HERE, (String" value="15" type="GuiResourceData"/>
<property name="RDIResource.ProgressDialog_CANCEL, Cancel" value="2" type="GuiResourceData"/>
<property name="RDIResource.RDIViews_WAVEFORM_VIEWER, 114, 268" value="1" type="GuiResourceData"/>
<property name="RDIResource.RDIViews_WAVEFORM_VIEWER, 117, 218" value="1" type="GuiResourceData"/>
<property name="RDIResource.RDIViews_WAVEFORM_VIEWER, 138, 236" value="1" type="GuiResourceData"/>
<property name="RDIResource.RDIViews_WAVEFORM_VIEWER, 178, 240" value="1" type="GuiResourceData"/>
<property name="RDIResource.RDIViews_WAVEFORM_VIEWER, 203, 220" value="1" type="GuiResourceData"/>
<property name="RDIResource.RDIViews_WAVEFORM_VIEWER, 204, 212" value="1" type="GuiResourceData"/>
<property name="RDIResource.RDIViews_WAVEFORM_VIEWER, 205, 230" value="1" type="GuiResourceData"/>
<property name="RDIResource.RDIViews_WAVEFORM_VIEWER, 245, 243" value="1" type="GuiResourceData"/>
<property name="RDIResource.RDIViews_WAVEFORM_VIEWER, 83, 193" value="1" type="GuiResourceData"/>
<property name="RDIResource.RDIViews_WAVEFORM_VIEWER, 96, 230" value="1" type="GuiResourceData"/>
<property name="RDIResource.TclConsoleView_TCL_CONSOLE_CODE_EDITOR, 131, 78" value="1" type="GuiResourceData"/>
<property name="RDIResource.TclConsoleView_TCL_CONSOLE_CODE_EDITOR, 131, 78, false, false, false, false, true" value="1" type="GuiResourceData"/>
<property name="RDIResource.TclConsoleView_TCL_CONSOLE_CODE_EDITOR, 136, 534" value="1" type="GuiResourceData"/>
<property name="RDIResource.TclConsoleView_TCL_CONSOLE_CODE_EDITOR, 136, 534, false, false, false, false, true" value="1" type="GuiResourceData"/>
<property name="RDIResource.TclConsoleView_TCL_CONSOLE_CODE_EDITOR, 137, 65" value="1" type="GuiResourceData"/>
<property name="RDIResource.TclConsoleView_TCL_CONSOLE_CODE_EDITOR, 137, 65, false, false, false, false, true" value="1" type="GuiResourceData"/>
<property name="RDIResource.TclConsoleView_TCL_CONSOLE_CODE_EDITOR, 155, 419" value="1" type="GuiResourceData"/>
<property name="RDIResource.TclConsoleView_TCL_CONSOLE_CODE_EDITOR, 155, 419, false, false, false, false, true" value="1" type="GuiResourceData"/>
<property name="RDIResource.TclConsoleView_TCL_CONSOLE_CODE_EDITOR, 196, 31" value="1" type="GuiResourceData"/>
<property name="RDIResource.TclConsoleView_TCL_CONSOLE_CODE_EDITOR, 196, 31, false, false, false, false, true" value="1" type="GuiResourceData"/>
<property name="RDIResource.TclConsoleView_TCL_CONSOLE_CODE_EDITOR, 202, 77" value="1" type="GuiResourceData"/>
<property name="RDIResource.TclConsoleView_TCL_CONSOLE_CODE_EDITOR, 202, 77, false, false, false, false, true" value="1" type="GuiResourceData"/>
<property name="RDIResource.TclConsoleView_TCL_CONSOLE_CODE_EDITOR, 211, 141" value="1" type="GuiResourceData"/>
<property name="RDIResource.TclConsoleView_TCL_CONSOLE_CODE_EDITOR, 211, 141, false, false, false, false, true" value="1" type="GuiResourceData"/>
<property name="RDIResource.TclConsoleView_TCL_CONSOLE_CODE_EDITOR, 218, 496" value="1" type="GuiResourceData"/>
<property name="RDIResource.TclConsoleView_TCL_CONSOLE_CODE_EDITOR, 218, 496, false, false, false, false, true" value="1" type="GuiResourceData"/>
<property name="RDIResource.TclConsoleView_TCL_CONSOLE_CODE_EDITOR, 219, 143" value="1" type="GuiResourceData"/>
<property name="RDIResource.TclConsoleView_TCL_CONSOLE_CODE_EDITOR, 219, 143, false, false, false, false, true" value="1" type="GuiResourceData"/>
<property name="RDIResource.TclConsoleView_TCL_CONSOLE_CODE_EDITOR, 222, 340" value="1" type="GuiResourceData"/>
<property name="RDIResource.TclConsoleView_TCL_CONSOLE_CODE_EDITOR, 222, 340, false, false, false, false, true" value="1" type="GuiResourceData"/>
<property name="RDIResource.TclConsoleView_TCL_CONSOLE_CODE_EDITOR, 224, 236" value="1" type="GuiResourceData"/>
<property name="RDIResource.TclConsoleView_TCL_CONSOLE_CODE_EDITOR, 224, 236, false, false, false, false, true" value="1" type="GuiResourceData"/>
<property name="RDIResource.TclConsoleView_TCL_CONSOLE_CODE_EDITOR, 224, 382" value="1" type="GuiResourceData"/>
<property name="RDIResource.TclConsoleView_TCL_CONSOLE_CODE_EDITOR, 224, 382, false, false, false, false, true" value="1" type="GuiResourceData"/>
<property name="RDIResource.TclConsoleView_TCL_CONSOLE_CODE_EDITOR, 226, 114" value="1" type="GuiResourceData"/>
<property name="RDIResource.TclConsoleView_TCL_CONSOLE_CODE_EDITOR, 229, 396" value="1" type="GuiResourceData"/>
<property name="RDIResource.TclConsoleView_TCL_CONSOLE_CODE_EDITOR, 229, 396, false, false, false, false, true" value="1" type="GuiResourceData"/>
<property name="RDIResource.TclConsoleView_TCL_CONSOLE_CODE_EDITOR, 230, 335" value="1" type="GuiResourceData"/>
<property name="RDIResource.TclConsoleView_TCL_CONSOLE_CODE_EDITOR, 230, 335, false, false, false, false, true" value="1" type="GuiResourceData"/>
<property name="RDIResource.TclConsoleView_TCL_CONSOLE_CODE_EDITOR, 231, 43" value="2" type="GuiResourceData"/>
<property name="RDIResource.TclConsoleView_TCL_CONSOLE_CODE_EDITOR, 231, 43, false, false, false, false, true" value="1" type="GuiResourceData"/>
<property name="RDIResource.TclConsoleView_TCL_CONSOLE_CODE_EDITOR, 231, 43, false, false, true, false, true" value="1" type="GuiResourceData"/>
<property name="RDIResource.TclConsoleView_TCL_CONSOLE_CODE_EDITOR, 237, 16" value="1" type="GuiResourceData"/>
<property name="RDIResource.TclConsoleView_TCL_CONSOLE_CODE_EDITOR, 237, 16, false, false, false, false, true" value="1" type="GuiResourceData"/>
<property name="RDIResource.TclConsoleView_TCL_CONSOLE_CODE_EDITOR, 240, 184" value="1" type="GuiResourceData"/>
<property name="RDIResource.TclConsoleView_TCL_CONSOLE_CODE_EDITOR, 240, 184, false, false, false, false, true" value="1" type="GuiResourceData"/>
<property name="RDIResource.TclConsoleView_TCL_CONSOLE_CODE_EDITOR, 240, 656" value="1" type="GuiResourceData"/>
<property name="RDIResource.TclConsoleView_TCL_CONSOLE_CODE_EDITOR, 240, 656, false, false, false, false, true" value="1" type="GuiResourceData"/>
<property name="RDIResource.TclConsoleView_TCL_CONSOLE_CODE_EDITOR, 243, 666" value="1" type="GuiResourceData"/>
<property name="RDIResource.TclConsoleView_TCL_CONSOLE_CODE_EDITOR, 245, 658" value="1" type="GuiResourceData"/>
<property name="RDIResource.TclConsoleView_TCL_CONSOLE_CODE_EDITOR, 245, 658, false, false, false, false, true" value="1" type="GuiResourceData"/>
<property name="RDIResource.TclConsoleView_TCL_CONSOLE_CODE_EDITOR, 246, 615" value="1" type="GuiResourceData"/>
<property name="RDIResource.TclConsoleView_TCL_CONSOLE_CODE_EDITOR, 246, 615, false, false, false, false, true" value="1" type="GuiResourceData"/>
<property name="RDIResource.TclConsoleView_TCL_CONSOLE_CODE_EDITOR, 246, 645" value="1" type="GuiResourceData"/>
<property name="RDIResource.TclConsoleView_TCL_CONSOLE_CODE_EDITOR, 246, 645, false, false, false, false, true" value="1" type="GuiResourceData"/>
<property name="RDIResource.TclConsoleView_TCL_CONSOLE_CODE_EDITOR, 247, 605" value="1" type="GuiResourceData"/>
<property name="RDIResource.TclConsoleView_TCL_CONSOLE_CODE_EDITOR, 248, 605, false, false, false, false, true" value="1" type="GuiResourceData"/>
<property name="RDIResource.TclConsoleView_TCL_CONSOLE_CODE_EDITOR, 250, 289" value="2" type="GuiResourceData"/>
<property name="RDIResource.TclConsoleView_TCL_CONSOLE_CODE_EDITOR, 250, 289, false, false, false, false, true" value="1" type="GuiResourceData"/>
<property name="RDIResource.TclConsoleView_TCL_CONSOLE_CODE_EDITOR, 251, 379" value="1" type="GuiResourceData"/>
<property name="RDIResource.TclConsoleView_TCL_CONSOLE_CODE_EDITOR, 251, 379, false, false, false, false, true" value="1" type="GuiResourceData"/>
<property name="RDIResource.TclConsoleView_TCL_CONSOLE_CODE_EDITOR, 260, 94" value="1" type="GuiResourceData"/>
<property name="RDIResource.TclConsoleView_TCL_CONSOLE_CODE_EDITOR, 260, 94, false, false, false, false, true" value="1" type="GuiResourceData"/>
<property name="RDIResource.TclConsoleView_TCL_CONSOLE_CODE_EDITOR, 262, 89" value="1" type="GuiResourceData"/>
<property name="RDIResource.TclConsoleView_TCL_CONSOLE_CODE_EDITOR, 262, 89, false, false, false, false, true" value="1" type="GuiResourceData"/>
<property name="RDIResource.TclConsoleView_TCL_CONSOLE_CODE_EDITOR, 266, 439" value="2" type="GuiResourceData"/>
<property name="RDIResource.TclConsoleView_TCL_CONSOLE_CODE_EDITOR, 266, 439, false, false, false, false, true" value="1" type="GuiResourceData"/>
<property name="RDIResource.TclConsoleView_TCL_CONSOLE_CODE_EDITOR, 267, 65" value="1" type="GuiResourceData"/>
<property name="RDIResource.TclConsoleView_TCL_CONSOLE_CODE_EDITOR, 268, 65, false, false, false, false, true" value="1" type="GuiResourceData"/>
<property name="RDIResource.TclConsoleView_TCL_CONSOLE_CODE_EDITOR, 270, 547" value="1" type="GuiResourceData"/>
<property name="RDIResource.TclConsoleView_TCL_CONSOLE_CODE_EDITOR, 270, 548, false, false, false, false, true" value="1" type="GuiResourceData"/>
<property name="RDIResource.TclConsoleView_TCL_CONSOLE_CODE_EDITOR, 272, 677" value="1" type="GuiResourceData"/>
<property name="RDIResource.TclConsoleView_TCL_CONSOLE_CODE_EDITOR, 272, 677, false, false, false, false, true" value="1" type="GuiResourceData"/>
<property name="RDIResource.TclConsoleView_TCL_CONSOLE_CODE_EDITOR, 274, 451" value="1" type="GuiResourceData"/>
<property name="RDIResource.TclConsoleView_TCL_CONSOLE_CODE_EDITOR, 274, 451, false, false, false, false, true" value="1" type="GuiResourceData"/>
<property name="RDIResource.TclConsoleView_TCL_CONSOLE_CODE_EDITOR, 276, 463" value="1" type="GuiResourceData"/>
<property name="RDIResource.TclConsoleView_TCL_CONSOLE_CODE_EDITOR, 276, 463, false, false, false, false, true" value="1" type="GuiResourceData"/>
<property name="RDIResource.TclConsoleView_TCL_CONSOLE_CODE_EDITOR, 278, 649" value="1" type="GuiResourceData"/>
<property name="RDIResource.TclConsoleView_TCL_CONSOLE_CODE_EDITOR, 278, 649, false, false, false, false, true" value="1" type="GuiResourceData"/>
<property name="RDIResource.TclConsoleView_TCL_CONSOLE_CODE_EDITOR, 279, 603" value="3" type="GuiResourceData"/>
<property name="RDIResource.TclConsoleView_TCL_CONSOLE_CODE_EDITOR, 279, 603, false, false, false, false, true" value="1" type="GuiResourceData"/>
<property name="RDIResource.TclConsoleView_TCL_CONSOLE_CODE_EDITOR, 282, 406" value="1" type="GuiResourceData"/>
<property name="RDIResource.TclConsoleView_TCL_CONSOLE_CODE_EDITOR, 282, 565" value="1" type="GuiResourceData"/>
<property name="RDIResource.TclConsoleView_TCL_CONSOLE_CODE_EDITOR, 282, 565, false, false, false, false, true" value="1" type="GuiResourceData"/>
<property name="RDIResource.TclConsoleView_TCL_CONSOLE_CODE_EDITOR, 283, 168" value="1" type="GuiResourceData"/>
<property name="RDIResource.TclConsoleView_TCL_CONSOLE_CODE_EDITOR, 283, 168, false, false, false, false, true" value="1" type="GuiResourceData"/>
<property name="RDIResource.TclConsoleView_TCL_CONSOLE_CODE_EDITOR, 290, 453" value="1" type="GuiResourceData"/>
<property name="RDIResource.TclConsoleView_TCL_CONSOLE_CODE_EDITOR, 290, 453, false, false, false, false, true" value="1" type="GuiResourceData"/>
<property name="RDIResource.TclConsoleView_TCL_CONSOLE_CODE_EDITOR, 291, 3" value="1" type="GuiResourceData"/>
<property name="RDIResource.TclConsoleView_TCL_CONSOLE_CODE_EDITOR, 291, 3, false, false, false, false, true" value="1" type="GuiResourceData"/>
<property name="RDIResource.TclConsoleView_TCL_CONSOLE_CODE_EDITOR, 293, 466" value="1" type="GuiResourceData"/>
<property name="RDIResource.TclConsoleView_TCL_CONSOLE_CODE_EDITOR, 293, 466, false, false, false, false, true" value="1" type="GuiResourceData"/>
<property name="RDIResource.TclConsoleView_TCL_CONSOLE_CODE_EDITOR, 295, 299" value="1" type="GuiResourceData"/>
<property name="RDIResource.TclConsoleView_TCL_CONSOLE_CODE_EDITOR, 295, 299, false, false, false, false, true" value="1" type="GuiResourceData"/>
<property name="RDIResource.TclConsoleView_TCL_CONSOLE_CODE_EDITOR, 297, 52" value="1" type="GuiResourceData"/>
<property name="RDIResource.TclConsoleView_TCL_CONSOLE_CODE_EDITOR, 297, 53, false, false, false, false, true" value="1" type="GuiResourceData"/>
<property name="RDIResource.TclConsoleView_TCL_CONSOLE_CODE_EDITOR, 300, 701" value="1" type="GuiResourceData"/>
<property name="RDIResource.TclConsoleView_TCL_CONSOLE_CODE_EDITOR, 303, 97" value="1" type="GuiResourceData"/>
<property name="RDIResource.TclConsoleView_TCL_CONSOLE_CODE_EDITOR, 303, 97, false, false, false, false, true" value="1" type="GuiResourceData"/>
<property name="RDIResource.TclConsoleView_TCL_CONSOLE_CODE_EDITOR, 304, 678" value="1" type="GuiResourceData"/>
<property name="RDIResource.TclConsoleView_TCL_CONSOLE_CODE_EDITOR, 304, 678, false, false, false, false, true" value="1" type="GuiResourceData"/>
<property name="RDIResource.TclConsoleView_TCL_CONSOLE_CODE_EDITOR, 306, 501" value="2" type="GuiResourceData"/>
<property name="RDIResource.TclConsoleView_TCL_CONSOLE_CODE_EDITOR, 306, 501, false, false, false, false, true" value="1" type="GuiResourceData"/>
<property name="RDIResource.TclConsoleView_TCL_CONSOLE_CODE_EDITOR, 307, 505" value="2" type="GuiResourceData"/>
<property name="RDIResource.TclConsoleView_TCL_CONSOLE_CODE_EDITOR, 307, 505, false, false, false, false, true" value="1" type="GuiResourceData"/>
<property name="RDIResource.TclConsoleView_TCL_CONSOLE_CODE_EDITOR, 307, 521" value="2" type="GuiResourceData"/>
<property name="RDIResource.TclConsoleView_TCL_CONSOLE_CODE_EDITOR, 307, 521, false, false, false, false, true" value="1" type="GuiResourceData"/>
<property name="RDIResource.TclConsoleView_TCL_CONSOLE_CODE_EDITOR, 309, 27" value="1" type="GuiResourceData"/>
<property name="RDIResource.TclConsoleView_TCL_CONSOLE_CODE_EDITOR, 309, 27, false, false, false, false, true" value="1" type="GuiResourceData"/>
<property name="RDIResource.TclConsoleView_TCL_CONSOLE_CODE_EDITOR, 309, 522" value="1" type="GuiResourceData"/>
<property name="RDIResource.TclConsoleView_TCL_CONSOLE_CODE_EDITOR, 309, 522, false, false, false, false, true" value="1" type="GuiResourceData"/>
<property name="RDIResource.TclConsoleView_TCL_CONSOLE_CODE_EDITOR, 309, 668" value="2" type="GuiResourceData"/>
<property name="RDIResource.TclConsoleView_TCL_CONSOLE_CODE_EDITOR, 309, 668, false, false, false, false, true" value="1" type="GuiResourceData"/>
<property name="RDIResource.TclConsoleView_TCL_CONSOLE_CODE_EDITOR, 310, 279" value="1" type="GuiResourceData"/>
<property name="RDIResource.TclConsoleView_TCL_CONSOLE_CODE_EDITOR, 310, 279, false, false, false, false, true" value="1" type="GuiResourceData"/>
<property name="RDIResource.TclConsoleView_TCL_CONSOLE_CODE_EDITOR, 310, 653" value="2" type="GuiResourceData"/>
<property name="RDIResource.TclConsoleView_TCL_CONSOLE_CODE_EDITOR, 310, 653, false, false, false, false, true" value="1" type="GuiResourceData"/>
<property name="RDIResource.TclConsoleView_TCL_CONSOLE_CODE_EDITOR, 311, 6" value="1" type="GuiResourceData"/>
<property name="RDIResource.TclConsoleView_TCL_CONSOLE_CODE_EDITOR, 312, 5, false, false, false, false, true" value="1" type="GuiResourceData"/>
<property name="RDIResource.TclConsoleView_TCL_CONSOLE_CODE_EDITOR, 313, 361" value="1" type="GuiResourceData"/>
<property name="RDIResource.TclConsoleView_TCL_CONSOLE_CODE_EDITOR, 316, 501" value="1" type="GuiResourceData"/>
<property name="RDIResource.TclConsoleView_TCL_CONSOLE_CODE_EDITOR, 316, 501, false, false, false, false, true" value="1" type="GuiResourceData"/>
<property name="RDIResource.TclConsoleView_TCL_CONSOLE_CODE_EDITOR, 325, 219" value="1" type="GuiResourceData"/>
<property name="RDIResource.TclConsoleView_TCL_CONSOLE_CODE_EDITOR, 325, 219, false, false, false, false, true" value="1" type="GuiResourceData"/>
<property name="RDIResource.TclConsoleView_TCL_CONSOLE_CODE_EDITOR, 326, 456" value="1" type="GuiResourceData"/>
<property name="RDIResource.TclConsoleView_TCL_CONSOLE_CODE_EDITOR, 326, 456, false, false, false, false, true" value="1" type="GuiResourceData"/>
<property name="RDIResource.TclConsoleView_TCL_CONSOLE_CODE_EDITOR, 328, 557" value="1" type="GuiResourceData"/>
<property name="RDIResource.TclConsoleView_TCL_CONSOLE_CODE_EDITOR, 328, 557, false, false, false, false, true" value="1" type="GuiResourceData"/>
<property name="RDIResource.TclConsoleView_TCL_CONSOLE_CODE_EDITOR, 329, 423" value="1" type="GuiResourceData"/>
<property name="RDIResource.TclConsoleView_TCL_CONSOLE_CODE_EDITOR, 329, 423, false, false, false, false, true" value="1" type="GuiResourceData"/>
<property name="RDIResource.TclConsoleView_TCL_CONSOLE_CODE_EDITOR, 330, 455" value="1" type="GuiResourceData"/>
<property name="RDIResource.TclConsoleView_TCL_CONSOLE_CODE_EDITOR, 333, 441" value="1" type="GuiResourceData"/>
<property name="RDIResource.TclConsoleView_TCL_CONSOLE_CODE_EDITOR, 333, 441, false, false, false, false, true" value="1" type="GuiResourceData"/>
<property name="RDIResource.TclConsoleView_TCL_CONSOLE_CODE_EDITOR, 340, 233" value="1" type="GuiResourceData"/>
<property name="RDIResource.TclConsoleView_TCL_CONSOLE_CODE_EDITOR, 340, 233, false, false, false, false, true" value="1" type="GuiResourceData"/>
<property name="RDIResource.TclConsoleView_TCL_CONSOLE_CODE_EDITOR, 340, 239" value="1" type="GuiResourceData"/>
<property name="RDIResource.TclConsoleView_TCL_CONSOLE_CODE_EDITOR, 340, 239, false, false, false, false, true" value="1" type="GuiResourceData"/>
<property name="RDIResource.TclConsoleView_TCL_CONSOLE_CODE_EDITOR, 351, 569" value="1" type="GuiResourceData"/>
<property name="RDIResource.TclConsoleView_TCL_CONSOLE_CODE_EDITOR, 352, 37" value="1" type="GuiResourceData"/>
<property name="RDIResource.TclConsoleView_TCL_CONSOLE_CODE_EDITOR, 352, 37, false, false, false, false, true" value="1" type="GuiResourceData"/>
<property name="RDIResource.TclConsoleView_TCL_CONSOLE_CODE_EDITOR, 353, 604" value="1" type="GuiResourceData"/>
<property name="RDIResource.TclConsoleView_TCL_CONSOLE_CODE_EDITOR, 354, 604, false, false, false, false, true" value="1" type="GuiResourceData"/>
<property name="RDIResource.TclConsoleView_TCL_CONSOLE_CODE_EDITOR, 357, 387" value="1" type="GuiResourceData"/>
<property name="RDIResource.TclConsoleView_TCL_CONSOLE_CODE_EDITOR, 357, 387, false, false, false, false, true" value="1" type="GuiResourceData"/>
<property name="RDIResource.TclConsoleView_TCL_CONSOLE_CODE_EDITOR, 358, 392" value="1" type="GuiResourceData"/>
<property name="RDIResource.TclConsoleView_TCL_CONSOLE_CODE_EDITOR, 358, 392, false, false, false, false, true" value="1" type="GuiResourceData"/>
<property name="RDIResource.TclConsoleView_TCL_CONSOLE_CODE_EDITOR, 360, 397" value="1" type="GuiResourceData"/>
<property name="RDIResource.TclConsoleView_TCL_CONSOLE_CODE_EDITOR, 360, 397, false, false, false, false, true" value="1" type="GuiResourceData"/>
<property name="RDIResource.TclConsoleView_TCL_CONSOLE_CODE_EDITOR, 365, 569" value="1" type="GuiResourceData"/>
<property name="RDIResource.TclConsoleView_TCL_CONSOLE_CODE_EDITOR, 365, 569, false, false, false, false, true" value="1" type="GuiResourceData"/>
<property name="RDIResource.TclConsoleView_TCL_CONSOLE_CODE_EDITOR, 370, 580" value="1" type="GuiResourceData"/>
<property name="RDIResource.TclConsoleView_TCL_CONSOLE_CODE_EDITOR, 374, 549" value="1" type="GuiResourceData"/>
<property name="RDIResource.TclConsoleView_TCL_CONSOLE_CODE_EDITOR, 383, 571" value="1" type="GuiResourceData"/>
<property name="RDIResource.TclConsoleView_TCL_CONSOLE_CODE_EDITOR, 389, 300" value="1" type="GuiResourceData"/>
<property name="RDIResource.TclConsoleView_TCL_CONSOLE_CODE_EDITOR, 391, 358" value="1" type="GuiResourceData"/>
<property name="RDIResource.TclConsoleView_TCL_CONSOLE_CODE_EDITOR, 415, 84" value="1" type="GuiResourceData"/>
<property name="RDIResource.TclConsoleView_TCL_CONSOLE_CODE_EDITOR, 415, 84, false, false, false, false, true" value="1" type="GuiResourceData"/>
<property name="RDIResource.TclConsoleView_TCL_CONSOLE_CODE_EDITOR, 418, 125" value="1" type="GuiResourceData"/>
<property name="RDIResource.TclConsoleView_TCL_CONSOLE_CODE_EDITOR, 418, 125, false, false, false, false, true" value="1" type="GuiResourceData"/>
<property name="RDIResource.TclConsoleView_TCL_CONSOLE_CODE_EDITOR, 434, 231" value="1" type="GuiResourceData"/>
<property name="RDIResource.TclConsoleView_TCL_CONSOLE_CODE_EDITOR, 434, 231, false, false, false, false, true" value="1" type="GuiResourceData"/>
<property name="RDIResource.TclConsoleView_TCL_CONSOLE_CODE_EDITOR, 442, 351" value="1" type="GuiResourceData"/>
<property name="RDIResource.TclConsoleView_TCL_CONSOLE_CODE_EDITOR, 442, 387" value="1" type="GuiResourceData"/>
<property name="RDIResource.TclConsoleView_TCL_CONSOLE_CODE_EDITOR, 448, 69" value="1" type="GuiResourceData"/>
<property name="RDIResource.TclConsoleView_TCL_CONSOLE_CODE_EDITOR, 448, 69, false, false, false, false, true" value="1" type="GuiResourceData"/>
<property name="RDIResource.TclConsoleView_TCL_CONSOLE_CODE_EDITOR, 453, 534" value="1" type="GuiResourceData"/>
<property name="RDIResource.TclConsoleView_TCL_CONSOLE_CODE_EDITOR, 453, 534, false, false, false, false, true" value="1" type="GuiResourceData"/>
<property name="RDIResource.TclConsoleView_TCL_CONSOLE_CODE_EDITOR, 460, 550" value="1" type="GuiResourceData"/>
<property name="RDIResource.TclConsoleView_TCL_CONSOLE_CODE_EDITOR, 462, 704" value="1" type="GuiResourceData"/>
<property name="RDIResource.TclConsoleView_TCL_CONSOLE_CODE_EDITOR, 490, 650" value="1" type="GuiResourceData"/>
<property name="RDIResource.TclConsoleView_TCL_CONSOLE_CODE_EDITOR, 496, 331" value="1" type="GuiResourceData"/>
<property name="RDIResource.TclConsoleView_TCL_CONSOLE_CODE_EDITOR, 496, 331, false, false, false, false, true" value="1" type="GuiResourceData"/>
<property name="RDIResource.TclConsoleView_TCL_CONSOLE_CODE_EDITOR, 500, 650" value="1" type="GuiResourceData"/>
<property name="RDIResource.TclConsoleView_TCL_CONSOLE_CODE_EDITOR, 504, 549" value="1" type="GuiResourceData"/>
<property name="RDIResource.TclConsoleView_TCL_CONSOLE_CODE_EDITOR, 505, 703" value="1" type="GuiResourceData"/>
<property name="RDIResource.TclConsoleView_TCL_CONSOLE_CODE_EDITOR, 512, 650" value="1" type="GuiResourceData"/>
<property name="RDIResource.TclConsoleView_TCL_CONSOLE_CODE_EDITOR, 518, 663" value="1" type="GuiResourceData"/>
<property name="RDIResource.TclConsoleView_TCL_CONSOLE_CODE_EDITOR, 518, 663, false, false, false, false, true" value="1" type="GuiResourceData"/>
<property name="RDIResource.TclConsoleView_TCL_CONSOLE_CODE_EDITOR, 519, 657" value="1" type="GuiResourceData"/>
<property name="RDIResource.TclConsoleView_TCL_CONSOLE_CODE_EDITOR, 519, 657, false, false, false, false, true" value="1" type="GuiResourceData"/>
<property name="RDIResource.TclConsoleView_TCL_CONSOLE_CODE_EDITOR, 538, 551" value="1" type="GuiResourceData"/>
<property name="RDIResource.TclConsoleView_TCL_CONSOLE_CODE_EDITOR, 540, 704" value="1" type="GuiResourceData"/>
<property name="RDIResource.TclConsoleView_TCL_CONSOLE_CODE_EDITOR, 548, 718" value="1" type="GuiResourceData"/>
<property name="RDIResource.TclConsoleView_TCL_CONSOLE_CODE_EDITOR, 548, 718, false, false, false, false, true" value="1" type="GuiResourceData"/>
<property name="RDIResource.TclConsoleView_TCL_CONSOLE_CODE_EDITOR, 566, 489" value="1" type="GuiResourceData"/>
<property name="RDIResource.TclConsoleView_TCL_CONSOLE_CODE_EDITOR, 575, 552" value="1" type="GuiResourceData"/>
<property name="RDIResource.WaveformNameTree_WAVEFORM_NAME_TREE, [true, Rformat[5:0]], 26, true" value="1" type="GuiResourceData"/>
<property name="RDIResource.WaveformNameTree_WAVEFORM_NAME_TREE, [true, SOR[2:0]], 24, true" value="1" type="GuiResourceData"/>
<property name="RDIResource.WaveformNameTree_WAVEFORM_NAME_TREE, [true, error[31:0]], 9, true" value="1" type="GuiResourceData"/>
<property name="RDIResource.WaveformNameTree_WAVEFORM_NAME_TREE, [true, error[31:0]], 9, true, false, false, false, true, false" value="1" type="GuiResourceData"/>
<property name="RDIResource.WaveformNameTree_WAVEFORM_NAME_TREE, [true, ibus[31:0]], 3, true" value="1" type="GuiResourceData"/>
<property name="RDIResource.WaveformNameTree_WAVEFORM_NAME_TREE, [true, ibus[31:0]], 3, true, false, false, false, true, false" value="1" type="GuiResourceData"/>
<property name="RDIResource.WaveformNameTree_WAVEFORM_NAME_TREE, [true, ibustm[0:31][31:0]], 0, true, false, false, false, true, false" value="1" type="GuiResourceData"/>
<property name="RDIResource.WaveformNameTree_WAVEFORM_NAME_TREE, [true, ibustm[0:31][31:0]], 0, true, true, false, false, false, false" value="1" type="GuiResourceData"/>
<property name="RDIResource.WaveformNameTree_WAVEFORM_NAME_TREE, [true, mux_output[31:0]], 2, true" value="1" type="GuiResourceData"/>
<property name="RDIResource.WaveformNameTree_WAVEFORM_NAME_TREE, [true, mux_post_clock[31:0]], 2, true" value="1" type="GuiResourceData"/>
<property name="RDIResource.WaveformNameTree_WAVEFORM_NAME_TREE, [true, mux_post_clock[31:0]], 5, true" value="1" type="GuiResourceData"/>
<property name="controller.v, 100, 145" value="1" type="GuiResourceData"/>
<property name="controller.v, 100, 297" value="1" type="GuiResourceData"/>
<property name="controller.v, 104, 423" value="1" type="GuiResourceData"/>
<property name="controller.v, 108, 255" value="2" type="GuiResourceData"/>
<property name="controller.v, 108, 255, false, false, false, false, true" value="1" type="GuiResourceData"/>
<property name="controller.v, 109, 245" value="2" type="GuiResourceData"/>
<property name="controller.v, 109, 245, false, false, false, false, true" value="1" type="GuiResourceData"/>
<property name="controller.v, 109, 533" value="1" type="GuiResourceData"/>
<property name="controller.v, 110, 305" value="2" type="GuiResourceData"/>
<property name="controller.v, 110, 557" value="1" type="GuiResourceData"/>
<property name="controller.v, 112, 363" value="3" type="GuiResourceData"/>
<property name="controller.v, 112, 363, false, false, false, false, true" value="1" type="GuiResourceData"/>
<property name="controller.v, 112, 363, true, false, false, false, false" value="1" type="GuiResourceData"/>
<property name="controller.v, 112, 381" value="1" type="GuiResourceData"/>
<property name="controller.v, 112, 435" value="2" type="GuiResourceData"/>
<property name="controller.v, 112, 435, false, false, false, false, true" value="1" type="GuiResourceData"/>
<property name="controller.v, 112, 471" value="1" type="GuiResourceData"/>
<property name="controller.v, 113, 432" value="1" type="GuiResourceData"/>
<property name="controller.v, 115, 382" value="1" type="GuiResourceData"/>
<property name="controller.v, 118, 148" value="1" type="GuiResourceData"/>
<property name="controller.v, 118, 148, false, false, false, false, true" value="1" type="GuiResourceData"/>
<property name="controller.v, 120, 315" value="1" type="GuiResourceData"/>
<property name="controller.v, 122, 285" value="1" type="GuiResourceData"/>
<property name="controller.v, 122, 505" value="1" type="GuiResourceData"/>
<property name="controller.v, 124, 21" value="1" type="GuiResourceData"/>
<property name="controller.v, 124, 327" value="1" type="GuiResourceData"/>
<property name="controller.v, 125, 183" value="1" type="GuiResourceData"/>
<property name="controller.v, 126, 407" value="1" type="GuiResourceData"/>
<property name="controller.v, 131, 331" value="1" type="GuiResourceData"/>
<property name="controller.v, 134, 306" value="1" type="GuiResourceData"/>
<property name="controller.v, 134, 306, false, false, false, false, true" value="1" type="GuiResourceData"/>
<property name="controller.v, 136, 305" value="1" type="GuiResourceData"/>
<property name="controller.v, 137, 55" value="2" type="GuiResourceData"/>
<property name="controller.v, 137, 55, false, false, false, false, true" value="1" type="GuiResourceData"/>
<property name="controller.v, 138, 263" value="1" type="GuiResourceData"/>
<property name="controller.v, 138, 263, false, false, false, false, true" value="1" type="GuiResourceData"/>
<property name="controller.v, 140, 251" value="1" type="GuiResourceData"/>
<property name="controller.v, 141, 290" value="1" type="GuiResourceData"/>
<property name="controller.v, 141, 290, false, false, false, false, true" value="1" type="GuiResourceData"/>
<property name="controller.v, 142, 327" value="2" type="GuiResourceData"/>
<property name="controller.v, 142, 327, false, false, false, false, true" value="1" type="GuiResourceData"/>
<property name="controller.v, 144, 339" value="1" type="GuiResourceData"/>
<property name="controller.v, 144, 436" value="2" type="GuiResourceData"/>
<property name="controller.v, 144, 436, false, false, false, false, true" value="1" type="GuiResourceData"/>
<property name="controller.v, 148, 389" value="2" type="GuiResourceData"/>
<property name="controller.v, 148, 389, false, false, false, false, true" value="1" type="GuiResourceData"/>
<property name="controller.v, 149, 337" value="1" type="GuiResourceData"/>
<property name="controller.v, 149, 615" value="1" type="GuiResourceData"/>
<property name="controller.v, 151, 284" value="2" type="GuiResourceData"/>
<property name="controller.v, 151, 284, false, false, false, false, true" value="1" type="GuiResourceData"/>
<property name="controller.v, 152, 410" value="1" type="GuiResourceData"/>
<property name="controller.v, 154, 367" value="1" type="GuiResourceData"/>
<property name="controller.v, 156, 299" value="1" type="GuiResourceData"/>
<property name="controller.v, 157, 388" value="1" type="GuiResourceData"/>
<property name="controller.v, 158, 410" value="1" type="GuiResourceData"/>
<property name="controller.v, 159, 311" value="1" type="GuiResourceData"/>
<property name="controller.v, 160, 324" value="1" type="GuiResourceData"/>
<property name="controller.v, 160, 324, false, false, false, false, true" value="1" type="GuiResourceData"/>
<property name="controller.v, 161, 317" value="1" type="GuiResourceData"/>
<property name="controller.v, 166, 371" value="1" type="GuiResourceData"/>
<property name="controller.v, 167, 379" value="1" type="GuiResourceData"/>
<property name="controller.v, 167, 427" value="2" type="GuiResourceData"/>
<property name="controller.v, 167, 427, false, false, false, false, true" value="1" type="GuiResourceData"/>
<property name="controller.v, 169, 309" value="1" type="GuiResourceData"/>
<property name="controller.v, 169, 447" value="2" type="GuiResourceData"/>
<property name="controller.v, 169, 447, false, false, false, false, true" value="1" type="GuiResourceData"/>
<property name="controller.v, 171, 435" value="2" type="GuiResourceData"/>
<property name="controller.v, 171, 435, false, false, false, false, true" value="1" type="GuiResourceData"/>
<property name="controller.v, 172, 96" value="2" type="GuiResourceData"/>
<property name="controller.v, 172, 96, false, false, false, false, true" value="1" type="GuiResourceData"/>
<property name="controller.v, 173, 38" value="1" type="GuiResourceData"/>
<property name="controller.v, 175, 235" value="2" type="GuiResourceData"/>
<property name="controller.v, 175, 235, false, false, false, false, true" value="1" type="GuiResourceData"/>
<property name="controller.v, 176, 82" value="1" type="GuiResourceData"/>
<property name="controller.v, 179, 102" value="1" type="GuiResourceData"/>
<property name="controller.v, 181, 381" value="1" type="GuiResourceData"/>
<property name="controller.v, 181, 381, false, false, false, false, true" value="1" type="GuiResourceData"/>
<property name="controller.v, 181, 382" value="1" type="GuiResourceData"/>
<property name="controller.v, 184, 425" value="1" type="GuiResourceData"/>
<property name="controller.v, 185, 243" value="1" type="GuiResourceData"/>
<property name="controller.v, 185, 276" value="1" type="GuiResourceData"/>
<property name="controller.v, 190, 316" value="1" type="GuiResourceData"/>
<property name="controller.v, 190, 316, false, false, false, false, true" value="1" type="GuiResourceData"/>
<property name="controller.v, 192, 225" value="3" type="GuiResourceData"/>
<property name="controller.v, 192, 225, false, false, false, false, true" value="1" type="GuiResourceData"/>
<property name="controller.v, 194, 421" value="2" type="GuiResourceData"/>
<property name="controller.v, 194, 421, false, false, false, false, true" value="1" type="GuiResourceData"/>
<property name="controller.v, 2, 88" value="1" type="GuiResourceData"/>
<property name="controller.v, 20, 330" value="1" type="GuiResourceData"/>
<property name="controller.v, 200, 523" value="1" type="GuiResourceData"/>
<property name="controller.v, 204, 299" value="2" type="GuiResourceData"/>
<property name="controller.v, 204, 299, false, false, false, false, true" value="1" type="GuiResourceData"/>
<property name="controller.v, 204, 421" value="1" type="GuiResourceData"/>
<property name="controller.v, 205, 328" value="1" type="GuiResourceData"/>
<property name="controller.v, 206, 316" value="1" type="GuiResourceData"/>
<property name="controller.v, 210, 125" value="2" type="GuiResourceData"/>
<property name="controller.v, 210, 125, false, false, false, false, true" value="1" type="GuiResourceData"/>
<property name="controller.v, 210, 220" value="1" type="GuiResourceData"/>
<property name="controller.v, 212, 315" value="2" type="GuiResourceData"/>
<property name="controller.v, 212, 315, false, false, false, false, true" value="1" type="GuiResourceData"/>
<property name="controller.v, 212, 99" value="1" type="GuiResourceData"/>
<property name="controller.v, 22, 127" value="1" type="GuiResourceData"/>
<property name="controller.v, 222, 431" value="1" type="GuiResourceData"/>
<property name="controller.v, 226, 250" value="1" type="GuiResourceData"/>
<property name="controller.v, 228, 195" value="2" type="GuiResourceData"/>
<property name="controller.v, 228, 195, false, false, false, false, true" value="1" type="GuiResourceData"/>
<property name="controller.v, 232, 311" value="1" type="GuiResourceData"/>
<property name="controller.v, 232, 389" value="2" type="GuiResourceData"/>
<property name="controller.v, 232, 389, false, false, false, false, true" value="1" type="GuiResourceData"/>
<property name="controller.v, 234, 381" value="3" type="GuiResourceData"/>
<property name="controller.v, 234, 381, false, false, false, false, true" value="1" type="GuiResourceData"/>
<property name="controller.v, 235, 427" value="2" type="GuiResourceData"/>
<property name="controller.v, 235, 427, false, false, false, false, true" value="1" type="GuiResourceData"/>
<property name="controller.v, 235, 453" value="1" type="GuiResourceData"/>
<property name="controller.v, 238, 523" value="1" type="GuiResourceData"/>
<property name="controller.v, 242, 256" value="1" type="GuiResourceData"/>
<property name="controller.v, 242, 347" value="3" type="GuiResourceData"/>
<property name="controller.v, 242, 347, false, false, false, false, true" value="2" type="GuiResourceData"/>
<property name="controller.v, 244, 331" value="1" type="GuiResourceData"/>
<property name="controller.v, 250, 299" value="1" type="GuiResourceData"/>
<property name="controller.v, 251, 326" value="1" type="GuiResourceData"/>
<property name="controller.v, 251, 331" value="1" type="GuiResourceData"/>
<property name="controller.v, 251, 417" value="1" type="GuiResourceData"/>
<property name="controller.v, 251, 431" value="1" type="GuiResourceData"/>
<property name="controller.v, 252, 573" value="1" type="GuiResourceData"/>
<property name="controller.v, 254, 471" value="2" type="GuiResourceData"/>
<property name="controller.v, 256, 265" value="1" type="GuiResourceData"/>
<property name="controller.v, 257, 389" value="1" type="GuiResourceData"/>
<property name="controller.v, 258, 389, false, true, false, false, false" value="1" type="GuiResourceData"/>
<property name="controller.v, 260, 241" value="2" type="GuiResourceData"/>
<property name="controller.v, 260, 241, false, false, false, false, true" value="1" type="GuiResourceData"/>
<property name="controller.v, 260, 281" value="2" type="GuiResourceData"/>
<property name="controller.v, 260, 281, false, false, false, false, true" value="1" type="GuiResourceData"/>
<property name="controller.v, 260, 291" value="1" type="GuiResourceData"/>
<property name="controller.v, 264, 331" value="2" type="GuiResourceData"/>
<property name="controller.v, 264, 331, false, false, false, false, true" value="1" type="GuiResourceData"/>
<property name="controller.v, 266, 425" value="1" type="GuiResourceData"/>
<property name="controller.v, 266, 450" value="1" type="GuiResourceData"/>
<property name="controller.v, 267, 451" value="2" type="GuiResourceData"/>
<property name="controller.v, 267, 451, false, false, false, false, true" value="1" type="GuiResourceData"/>
<property name="controller.v, 268, 415" value="1" type="GuiResourceData"/>
<property name="controller.v, 268, 416" value="2" type="GuiResourceData"/>
<property name="controller.v, 268, 416, false, false, false, false, true" value="1" type="GuiResourceData"/>
<property name="controller.v, 268, 497" value="1" type="GuiResourceData"/>
<property name="controller.v, 276, 416" value="2" type="GuiResourceData"/>
<property name="controller.v, 276, 416, false, false, false, false, true" value="1" type="GuiResourceData"/>
<property name="controller.v, 276, 475" value="1" type="GuiResourceData"/>
<property name="controller.v, 277, 431" value="2" type="GuiResourceData"/>
<property name="controller.v, 277, 431, false, false, false, false, true" value="1" type="GuiResourceData"/>
<property name="controller.v, 282, 361" value="1" type="GuiResourceData"/>
<property name="controller.v, 293, 432" value="1" type="GuiResourceData"/>
<property name="controller.v, 295, 293" value="1" type="GuiResourceData"/>
<property name="controller.v, 295, 515" value="1" type="GuiResourceData"/>
<property name="controller.v, 300, 417" value="1" type="GuiResourceData"/>
<property name="controller.v, 303, 309" value="2" type="GuiResourceData"/>
<property name="controller.v, 303, 309, false, false, false, false, true" value="1" type="GuiResourceData"/>
<property name="controller.v, 305, 262" value="1" type="GuiResourceData"/>
<property name="controller.v, 305, 383" value="2" type="GuiResourceData"/>
<property name="controller.v, 305, 383, false, false, false, false, true" value="1" type="GuiResourceData"/>
<property name="controller.v, 316, 398" value="1" type="GuiResourceData"/>
<property name="controller.v, 319, 160" value="1" type="GuiResourceData"/>
<property name="controller.v, 32, 213" value="2" type="GuiResourceData"/>
<property name="controller.v, 32, 213, false, false, false, false, true" value="1" type="GuiResourceData"/>
<property name="controller.v, 335, 197" value="1" type="GuiResourceData"/>
<property name="controller.v, 335, 197, false, false, false, false, true" value="1" type="GuiResourceData"/>
<property name="controller.v, 338, 266" value="1" type="GuiResourceData"/>
<property name="controller.v, 338, 295" value="1" type="GuiResourceData"/>
<property name="controller.v, 338, 367" value="1" type="GuiResourceData"/>
<property name="controller.v, 338, 384" value="1" type="GuiResourceData"/>
<property name="controller.v, 341, 368" value="1" type="GuiResourceData"/>
<property name="controller.v, 345, 435" value="1" type="GuiResourceData"/>
<property name="controller.v, 345, 435, false, false, false, false, true" value="1" type="GuiResourceData"/>
<property name="controller.v, 349, 363" value="1" type="GuiResourceData"/>
<property name="controller.v, 350, 177" value="2" type="GuiResourceData"/>
<property name="controller.v, 350, 177, false, false, false, false, true" value="1" type="GuiResourceData"/>
<property name="controller.v, 353, 395" value="1" type="GuiResourceData"/>
<property name="controller.v, 360, 411" value="1" type="GuiResourceData"/>
<property name="controller.v, 387, 197" value="1" type="GuiResourceData"/>
<property name="controller.v, 40, 226" value="1" type="GuiResourceData"/>
<property name="controller.v, 40, 228" value="1" type="GuiResourceData"/>
<property name="controller.v, 40, 228, false, false, false, false, true" value="1" type="GuiResourceData"/>
<property name="controller.v, 401, 197" value="1" type="GuiResourceData"/>
<property name="controller.v, 409, 159" value="1" type="GuiResourceData"/>
<property name="controller.v, 410, 129" value="1" type="GuiResourceData"/>
<property name="controller.v, 410, 129, false, false, false, false, true" value="1" type="GuiResourceData"/>
<property name="controller.v, 410, 136" value="1" type="GuiResourceData"/>
<property name="controller.v, 410, 136, false, false, false, false, true" value="1" type="GuiResourceData"/>
<property name="controller.v, 43, 220" value="1" type="GuiResourceData"/>
<property name="controller.v, 434, 245" value="1" type="GuiResourceData"/>
<property name="controller.v, 453, 223" value="1" type="GuiResourceData"/>
<property name="controller.v, 454, 194" value="1" type="GuiResourceData"/>
<property name="controller.v, 46, 279" value="2" type="GuiResourceData"/>
<property name="controller.v, 46, 279, false, false, false, false, true" value="1" type="GuiResourceData"/>
<property name="controller.v, 472, 290" value="2" type="GuiResourceData"/>
<property name="controller.v, 472, 290, false, false, false, false, true" value="1" type="GuiResourceData"/>
<property name="controller.v, 48, 272" value="1" type="GuiResourceData"/>
<property name="controller.v, 483, 317" value="1" type="GuiResourceData"/>
<property name="controller.v, 517, 346" value="1" type="GuiResourceData"/>
<property name="controller.v, 517, 347" value="1" type="GuiResourceData"/>
<property name="controller.v, 52, 113" value="1" type="GuiResourceData"/>
<property name="controller.v, 54, 333" value="1" type="GuiResourceData"/>
<property name="controller.v, 568, 155" value="1" type="GuiResourceData"/>
<property name="controller.v, 568, 155, false, false, false, false, true" value="1" type="GuiResourceData"/>
<property name="controller.v, 57, 175" value="2" type="GuiResourceData"/>
<property name="controller.v, 57, 175, false, false, false, false, true" value="1" type="GuiResourceData"/>
<property name="controller.v, 570, 156" value="1" type="GuiResourceData"/>
<property name="controller.v, 633, 122" value="1" type="GuiResourceData"/>
<property name="controller.v, 66, 112" value="2" type="GuiResourceData"/>
<property name="controller.v, 66, 112, false, false, false, false, true" value="1" type="GuiResourceData"/>
<property name="controller.v, 680, 345" value="1" type="GuiResourceData"/>
<property name="controller.v, 681, 341" value="1" type="GuiResourceData"/>
<property name="controller.v, 684, 328" value="1" type="GuiResourceData"/>
<property name="controller.v, 684, 328, false, false, false, false, true" value="1" type="GuiResourceData"/>
<property name="controller.v, 692, 177" value="1" type="GuiResourceData"/>
<property name="controller.v, 70, 299" value="1" type="GuiResourceData"/>
<property name="controller.v, 70, 449" value="1" type="GuiResourceData"/>
<property name="controller.v, 77, 107" value="1" type="GuiResourceData"/>
<property name="controller.v, 78, 128" value="1" type="GuiResourceData"/>
<property name="controller.v, 78, 453" value="1" type="GuiResourceData"/>
<property name="controller.v, 81, 141" value="1" type="GuiResourceData"/>
<property name="controller.v, 82, 133" value="1" type="GuiResourceData"/>
<property name="controller.v, 82, 133, false, false, false, false, true" value="1" type="GuiResourceData"/>
<property name="controller.v, 88, 195" value="2" type="GuiResourceData"/>
<property name="controller.v, 88, 195, false, false, false, false, true" value="1" type="GuiResourceData"/>
<property name="controller.v, 88, 334" value="1" type="GuiResourceData"/>
<property name="controller.v, 88, 428" value="1" type="GuiResourceData"/>
<property name="controller.v, 91, 109" value="1" type="GuiResourceData"/>
<property name="controller.v, 91, 109, false, false, false, false, true" value="1" type="GuiResourceData"/>
<property name="controller.v, 92, 297" value="1" type="GuiResourceData"/>
<property name="controller.v, 92, 297, false, false, false, false, true" value="1" type="GuiResourceData"/>
<property name="controller.v, 93, 143" value="1" type="GuiResourceData"/>
<property name="controller.v, 93, 144, false, false, false, false, true" value="1" type="GuiResourceData"/>
<property name="controller.v, 93, 166" value="1" type="GuiResourceData"/>
<property name="controller.v, 94, 166" value="1" type="GuiResourceData"/>
<property name="controller.v, 94, 166, false, false, false, false, true" value="1" type="GuiResourceData"/>
<property name="controller.v, 95, 434" value="2" type="GuiResourceData"/>
<property name="controller.v, 95, 434, false, false, false, false, true" value="1" type="GuiResourceData"/>
<property name="controller_testbench.v, 101, 578" value="1" type="GuiResourceData"/>
<property name="controller_testbench.v, 101, 578, false, false, false, false, true" value="1" type="GuiResourceData"/>
<property name="controller_testbench.v, 103, 491" value="1" type="GuiResourceData"/>
<property name="controller_testbench.v, 104, 265" value="1" type="GuiResourceData"/>
<property name="controller_testbench.v, 104, 265, false, false, false, false, true" value="1" type="GuiResourceData"/>
<property name="controller_testbench.v, 106, 129" value="1" type="GuiResourceData"/>
<property name="controller_testbench.v, 106, 129, false, false, false, false, true" value="1" type="GuiResourceData"/>
<property name="controller_testbench.v, 107, 127" value="1" type="GuiResourceData"/>
<property name="controller_testbench.v, 107, 127, false, false, false, false, true" value="1" type="GuiResourceData"/>
<property name="controller_testbench.v, 108, 197" value="2" type="GuiResourceData"/>
<property name="controller_testbench.v, 108, 197, false, false, false, false, true" value="1" type="GuiResourceData"/>
<property name="controller_testbench.v, 111, 197" value="1" type="GuiResourceData"/>
<property name="controller_testbench.v, 111, 197, false, false, false, false, true" value="1" type="GuiResourceData"/>
<property name="controller_testbench.v, 111, 576" value="1" type="GuiResourceData"/>
<property name="controller_testbench.v, 112, 568" value="1" type="GuiResourceData"/>
<property name="controller_testbench.v, 112, 568, false, false, false, false, true" value="1" type="GuiResourceData"/>
<property name="controller_testbench.v, 114, 128" value="1" type="GuiResourceData"/>
<property name="controller_testbench.v, 114, 128, true, false, false, false, true" value="1" type="GuiResourceData"/>
<property name="controller_testbench.v, 117, 498" value="1" type="GuiResourceData"/>
<property name="controller_testbench.v, 117, 498, false, false, false, false, true" value="1" type="GuiResourceData"/>
<property name="controller_testbench.v, 118, 573" value="1" type="GuiResourceData"/>
<property name="controller_testbench.v, 120, 58" value="2" type="GuiResourceData"/>
<property name="controller_testbench.v, 120, 58, false, false, false, false, true" value="1" type="GuiResourceData"/>
<property name="controller_testbench.v, 121, 488" value="1" type="GuiResourceData"/>
<property name="controller_testbench.v, 121, 490" value="1" type="GuiResourceData"/>
<property name="controller_testbench.v, 121, 501" value="1" type="GuiResourceData"/>
<property name="controller_testbench.v, 124, 453" value="1" type="GuiResourceData"/>
<property name="controller_testbench.v, 126, 282" value="1" type="GuiResourceData"/>
<property name="controller_testbench.v, 128, 531" value="1" type="GuiResourceData"/>
<property name="controller_testbench.v, 130, 256" value="1" type="GuiResourceData"/>
<property name="controller_testbench.v, 130, 547" value="1" type="GuiResourceData"/>
<property name="controller_testbench.v, 133, 499" value="1" type="GuiResourceData"/>
<property name="controller_testbench.v, 136, 365" value="1" type="GuiResourceData"/>
<property name="controller_testbench.v, 137, 503" value="1" type="GuiResourceData"/>
<property name="controller_testbench.v, 138, 109" value="1" type="GuiResourceData"/>
<property name="controller_testbench.v, 145, 91" value="1" type="GuiResourceData"/>
<property name="controller_testbench.v, 146, 193" value="1" type="GuiResourceData"/>
<property name="controller_testbench.v, 146, 193, false, false, false, false, true" value="1" type="GuiResourceData"/>
<property name="controller_testbench.v, 148, 131" value="1" type="GuiResourceData"/>
<property name="controller_testbench.v, 148, 131, false, false, false, false, true" value="1" type="GuiResourceData"/>
<property name="controller_testbench.v, 148, 448" value="1" type="GuiResourceData"/>
<property name="controller_testbench.v, 148, 448, false, false, false, false, true" value="1" type="GuiResourceData"/>
<property name="controller_testbench.v, 149, 432" value="1" type="GuiResourceData"/>
<property name="controller_testbench.v, 150, 193" value="1" type="GuiResourceData"/>
<property name="controller_testbench.v, 151, 79" value="1" type="GuiResourceData"/>
<property name="controller_testbench.v, 152, 397" value="1" type="GuiResourceData"/>
<property name="controller_testbench.v, 152, 435" value="1" type="GuiResourceData"/>
<property name="controller_testbench.v, 152, 449" value="1" type="GuiResourceData"/>
<property name="controller_testbench.v, 152, 449, false, false, false, false, true" value="1" type="GuiResourceData"/>
<property name="controller_testbench.v, 152, 503" value="1" type="GuiResourceData"/>
<property name="controller_testbench.v, 154, 295" value="1" type="GuiResourceData"/>
<property name="controller_testbench.v, 154, 435" value="1" type="GuiResourceData"/>
<property name="controller_testbench.v, 155, 295" value="1" type="GuiResourceData"/>
<property name="controller_testbench.v, 155, 455" value="2" type="GuiResourceData"/>
<property name="controller_testbench.v, 155, 483" value="1" type="GuiResourceData"/>
<property name="controller_testbench.v, 155, 483, false, false, false, false, true" value="1" type="GuiResourceData"/>
<property name="controller_testbench.v, 156, 433" value="1" type="GuiResourceData"/>
<property name="controller_testbench.v, 157, 295" value="1" type="GuiResourceData"/>
<property name="controller_testbench.v, 158, 266" value="2" type="GuiResourceData"/>
<property name="controller_testbench.v, 158, 266, false, false, false, false, true" value="1" type="GuiResourceData"/>
<property name="controller_testbench.v, 160, 435" value="1" type="GuiResourceData"/>
<property name="controller_testbench.v, 161, 115" value="1" type="GuiResourceData"/>
<property name="controller_testbench.v, 165, 335" value="2" type="GuiResourceData"/>
<property name="controller_testbench.v, 165, 430" value="1" type="GuiResourceData"/>
<property name="controller_testbench.v, 169, 469" value="1" type="GuiResourceData"/>
<property name="controller_testbench.v, 169, 469, false, false, false, false, true" value="1" type="GuiResourceData"/>
<property name="controller_testbench.v, 176, 197" value="1" type="GuiResourceData"/>
<property name="controller_testbench.v, 176, 197, false, false, false, false, true" value="1" type="GuiResourceData"/>
<property name="controller_testbench.v, 181, 252" value="1" type="GuiResourceData"/>
<property name="controller_testbench.v, 181, 253, false, false, false, false, true" value="1" type="GuiResourceData"/>
<property name="controller_testbench.v, 184, 177" value="1" type="GuiResourceData"/>
<property name="controller_testbench.v, 184, 177, false, false, false, false, true" value="1" type="GuiResourceData"/>
<property name="controller_testbench.v, 186, 461" value="1" type="GuiResourceData"/>
<property name="controller_testbench.v, 187, 293" value="1" type="GuiResourceData"/>
<property name="controller_testbench.v, 187, 293, false, false, false, false, true" value="1" type="GuiResourceData"/>
<property name="controller_testbench.v, 192, 147" value="1" type="GuiResourceData"/>
<property name="controller_testbench.v, 192, 147, false, false, false, false, true" value="1" type="GuiResourceData"/>
<property name="controller_testbench.v, 196, 334" value="1" type="GuiResourceData"/>
<property name="controller_testbench.v, 196, 334, false, false, false, false, true" value="1" type="GuiResourceData"/>
<property name="controller_testbench.v, 197, 245" value="1" type="GuiResourceData"/>
<property name="controller_testbench.v, 199, 212" value="1" type="GuiResourceData"/>
<property name="controller_testbench.v, 199, 369" value="1" type="GuiResourceData"/>
<property name="controller_testbench.v, 200, 212, false, false, false, false, true" value="1" type="GuiResourceData"/>
<property name="controller_testbench.v, 203, 358" value="1" type="GuiResourceData"/>
<property name="controller_testbench.v, 203, 617" value="1" type="GuiResourceData"/>
<property name="controller_testbench.v, 206, 201" value="1" type="GuiResourceData"/>
<property name="controller_testbench.v, 206, 201, false, false, false, false, true" value="1" type="GuiResourceData"/>
<property name="controller_testbench.v, 211, 346" value="1" type="GuiResourceData"/>
<property name="controller_testbench.v, 212, 360" value="1" type="GuiResourceData"/>
<property name="controller_testbench.v, 215, 620" value="1" type="GuiResourceData"/>
<property name="controller_testbench.v, 216, 353" value="1" type="GuiResourceData"/>
<property name="controller_testbench.v, 217, 473" value="1" type="GuiResourceData"/>
<property name="controller_testbench.v, 217, 473, false, false, false, false, true" value="1" type="GuiResourceData"/>
<property name="controller_testbench.v, 223, 459" value="1" type="GuiResourceData"/>
<property name="controller_testbench.v, 224, 111" value="1" type="GuiResourceData"/>
<property name="controller_testbench.v, 226, 312" value="1" type="GuiResourceData"/>
<property name="controller_testbench.v, 226, 321" value="1" type="GuiResourceData"/>
<property name="controller_testbench.v, 226, 327" value="1" type="GuiResourceData"/>
<property name="controller_testbench.v, 226, 355" value="1" type="GuiResourceData"/>
<property name="controller_testbench.v, 229, 367" value="1" type="GuiResourceData"/>
<property name="controller_testbench.v, 229, 367, false, false, false, false, true" value="1" type="GuiResourceData"/>
<property name="controller_testbench.v, 229, 540" value="1" type="GuiResourceData"/>
<property name="controller_testbench.v, 230, 519" value="1" type="GuiResourceData"/>
<property name="controller_testbench.v, 230, 93" value="1" type="GuiResourceData"/>
<property name="controller_testbench.v, 232, 508" value="1" type="GuiResourceData"/>
<property name="controller_testbench.v, 232, 508, false, false, false, false, true" value="1" type="GuiResourceData"/>
<property name="controller_testbench.v, 232, 580" value="1" type="GuiResourceData"/>
<property name="controller_testbench.v, 234, 510" value="1" type="GuiResourceData"/>
<property name="controller_testbench.v, 235, 489" value="1" type="GuiResourceData"/>
<property name="controller_testbench.v, 237, 258" value="1" type="GuiResourceData"/>
<property name="controller_testbench.v, 237, 259, false, false, false, false, true" value="1" type="GuiResourceData"/>
<property name="controller_testbench.v, 240, 453" value="1" type="GuiResourceData"/>
<property name="controller_testbench.v, 240, 603" value="1" type="GuiResourceData"/>
<property name="controller_testbench.v, 242, 262" value="1" type="GuiResourceData"/>
<property name="controller_testbench.v, 242, 533" value="1" type="GuiResourceData"/>
<property name="controller_testbench.v, 244, 245" value="1" type="GuiResourceData"/>
<property name="controller_testbench.v, 244, 245, false, false, false, false, true" value="1" type="GuiResourceData"/>
<property name="controller_testbench.v, 244, 384" value="1" type="GuiResourceData"/>
<property name="controller_testbench.v, 245, 451" value="1" type="GuiResourceData"/>
<property name="controller_testbench.v, 245, 468" value="1" type="GuiResourceData"/>
<property name="controller_testbench.v, 246, 387" value="1" type="GuiResourceData"/>
<property name="controller_testbench.v, 249, 93" value="1" type="GuiResourceData"/>
<property name="controller_testbench.v, 252, 449" value="1" type="GuiResourceData"/>
<property name="controller_testbench.v, 252, 449, false, false, false, false, true" value="1" type="GuiResourceData"/>
<property name="controller_testbench.v, 254, 179" value="1" type="GuiResourceData"/>
<property name="controller_testbench.v, 254, 179, false, false, false, false, true" value="1" type="GuiResourceData"/>
<property name="controller_testbench.v, 258, 144" value="1" type="GuiResourceData"/>
<property name="controller_testbench.v, 258, 144, false, false, false, false, true" value="1" type="GuiResourceData"/>
<property name="controller_testbench.v, 262, 504" value="1" type="GuiResourceData"/>
<property name="controller_testbench.v, 263, 232" value="2" type="GuiResourceData"/>
<property name="controller_testbench.v, 266, 183" value="2" type="GuiResourceData"/>
<property name="controller_testbench.v, 266, 183, false, false, false, false, true" value="1" type="GuiResourceData"/>
<property name="controller_testbench.v, 267, 423" value="1" type="GuiResourceData"/>
<property name="controller_testbench.v, 272, 259" value="1" type="GuiResourceData"/>
<property name="controller_testbench.v, 272, 259, false, false, false, false, true" value="1" type="GuiResourceData"/>
<property name="controller_testbench.v, 273, 213" value="2" type="GuiResourceData"/>
<property name="controller_testbench.v, 273, 213, false, false, false, false, true" value="1" type="GuiResourceData"/>
<property name="controller_testbench.v, 275, 358" value="1" type="GuiResourceData"/>
<property name="controller_testbench.v, 275, 395" value="1" type="GuiResourceData"/>
<property name="controller_testbench.v, 277, 467" value="2" type="GuiResourceData"/>
<property name="controller_testbench.v, 277, 467, false, false, false, false, true" value="1" type="GuiResourceData"/>
<property name="controller_testbench.v, 277, 503" value="1" type="GuiResourceData"/>
<property name="controller_testbench.v, 277, 503, false, false, false, false, true" value="1" type="GuiResourceData"/>
<property name="controller_testbench.v, 281, 536" value="1" type="GuiResourceData"/>
<property name="controller_testbench.v, 282, 229" value="2" type="GuiResourceData"/>
<property name="controller_testbench.v, 282, 229, false, false, false, false, true" value="1" type="GuiResourceData"/>
<property name="controller_testbench.v, 282, 467" value="2" type="GuiResourceData"/>
<property name="controller_testbench.v, 282, 467, false, false, false, false, true" value="1" type="GuiResourceData"/>
<property name="controller_testbench.v, 284, 170" value="1" type="GuiResourceData"/>
<property name="controller_testbench.v, 285, 600" value="1" type="GuiResourceData"/>
<property name="controller_testbench.v, 285, 600, false, false, false, false, true" value="1" type="GuiResourceData"/>
<property name="controller_testbench.v, 286, 456" value="1" type="GuiResourceData"/>
<property name="controller_testbench.v, 286, 456, false, false, false, false, true" value="1" type="GuiResourceData"/>
<property name="controller_testbench.v, 288, 177" value="1" type="GuiResourceData"/>
<property name="controller_testbench.v, 288, 177, false, false, false, false, true" value="1" type="GuiResourceData"/>
<property name="controller_testbench.v, 289, 187" value="2" type="GuiResourceData"/>
<property name="controller_testbench.v, 290, 417" value="1" type="GuiResourceData"/>
<property name="controller_testbench.v, 290, 431" value="1" type="GuiResourceData"/>
<property name="controller_testbench.v, 290, 431, false, false, false, false, true" value="1" type="GuiResourceData"/>
<property name="controller_testbench.v, 293, 507" value="1" type="GuiResourceData"/>
<property name="controller_testbench.v, 294, 131" value="1" type="GuiResourceData"/>
<property name="controller_testbench.v, 294, 131, false, false, false, false, true" value="1" type="GuiResourceData"/>
<property name="controller_testbench.v, 294, 535" value="1" type="GuiResourceData"/>
<property name="controller_testbench.v, 294, 535, false, false, false, false, true" value="1" type="GuiResourceData"/>
<property name="controller_testbench.v, 302, 507" value="1" type="GuiResourceData"/>
<property name="controller_testbench.v, 302, 507, false, false, false, false, true" value="1" type="GuiResourceData"/>
<property name="controller_testbench.v, 302, 97" value="1" type="GuiResourceData"/>
<property name="controller_testbench.v, 302, 97, false, false, false, false, true" value="1" type="GuiResourceData"/>
<property name="controller_testbench.v, 304, 457" value="1" type="GuiResourceData"/>
<property name="controller_testbench.v, 304, 457, false, false, false, false, true" value="1" type="GuiResourceData"/>
<property name="controller_testbench.v, 306, 439" value="1" type="GuiResourceData"/>
<property name="controller_testbench.v, 306, 439, false, false, false, false, true" value="1" type="GuiResourceData"/>
<property name="controller_testbench.v, 307, 269" value="1" type="GuiResourceData"/>
<property name="controller_testbench.v, 307, 269, false, false, false, false, true" value="1" type="GuiResourceData"/>
<property name="controller_testbench.v, 309, 447" value="1" type="GuiResourceData"/>
<property name="controller_testbench.v, 309, 447, false, false, false, false, true" value="1" type="GuiResourceData"/>
<property name="controller_testbench.v, 309, 462" value="1" type="GuiResourceData"/>
<property name="controller_testbench.v, 309, 462, false, false, false, false, true" value="1" type="GuiResourceData"/>
<property name="controller_testbench.v, 31, 194" value="1" type="GuiResourceData"/>
<property name="controller_testbench.v, 310, 305" value="1" type="GuiResourceData"/>
<property name="controller_testbench.v, 310, 305, false, false, false, false, true" value="1" type="GuiResourceData"/>
<property name="controller_testbench.v, 314, 432" value="1" type="GuiResourceData"/>
<property name="controller_testbench.v, 314, 432, false, false, false, false, true" value="1" type="GuiResourceData"/>
<property name="controller_testbench.v, 316, 468" value="1" type="GuiResourceData"/>
<property name="controller_testbench.v, 316, 468, false, false, false, false, true" value="1" type="GuiResourceData"/>
<property name="controller_testbench.v, 32, 387" value="1" type="GuiResourceData"/>
<property name="controller_testbench.v, 320, 435" value="1" type="GuiResourceData"/>
<property name="controller_testbench.v, 320, 437" value="1" type="GuiResourceData"/>
<property name="controller_testbench.v, 320, 437, false, false, false, false, true" value="1" type="GuiResourceData"/>
<property name="controller_testbench.v, 322, 437" value="1" type="GuiResourceData"/>
<property name="controller_testbench.v, 323, 144, false, false, false, false, true" value="1" type="GuiResourceData"/>
<property name="controller_testbench.v, 324, 144" value="1" type="GuiResourceData"/>
<property name="controller_testbench.v, 325, 149" value="1" type="GuiResourceData"/>
<property name="controller_testbench.v, 325, 149, false, false, false, false, true" value="1" type="GuiResourceData"/>
<property name="controller_testbench.v, 326, 239" value="1" type="GuiResourceData"/>
<property name="controller_testbench.v, 326, 549" value="1" type="GuiResourceData"/>
<property name="controller_testbench.v, 326, 549, false, false, false, false, true" value="1" type="GuiResourceData"/>
<property name="controller_testbench.v, 329, 319" value="1" type="GuiResourceData"/>
<property name="controller_testbench.v, 329, 319, false, false, false, false, true" value="1" type="GuiResourceData"/>
<property name="controller_testbench.v, 329, 396" value="1" type="GuiResourceData"/>
<property name="controller_testbench.v, 329, 396, false, false, false, false, true" value="1" type="GuiResourceData"/>
<property name="controller_testbench.v, 329, 79" value="1" type="GuiResourceData"/>
<property name="controller_testbench.v, 330, 410" value="1" type="GuiResourceData"/>
<property name="controller_testbench.v, 332, 181" value="1" type="GuiResourceData"/>
<property name="controller_testbench.v, 332, 181, false, false, false, false, true" value="1" type="GuiResourceData"/>
<property name="controller_testbench.v, 333, 275" value="2" type="GuiResourceData"/>
<property name="controller_testbench.v, 333, 275, false, false, false, false, true" value="1" type="GuiResourceData"/>
<property name="controller_testbench.v, 336, 253" value="1" type="GuiResourceData"/>
<property name="controller_testbench.v, 336, 253, false, false, false, false, true" value="1" type="GuiResourceData"/>
<property name="controller_testbench.v, 340, 437" value="1" type="GuiResourceData"/>
<property name="controller_testbench.v, 340, 437, false, false, false, false, true" value="1" type="GuiResourceData"/>
<property name="controller_testbench.v, 340, 540" value="1" type="GuiResourceData"/>
<property name="controller_testbench.v, 340, 540, false, false, false, false, true" value="1" type="GuiResourceData"/>
<property name="controller_testbench.v, 35, 55" value="1" type="GuiResourceData"/>
<property name="controller_testbench.v, 36, 450" value="1" type="GuiResourceData"/>
<property name="controller_testbench.v, 376, 248" value="1" type="GuiResourceData"/>
<property name="controller_testbench.v, 378, 443" value="1" type="GuiResourceData"/>
<property name="controller_testbench.v, 379, 376" value="1" type="GuiResourceData"/>
<property name="controller_testbench.v, 380, 261" value="1" type="GuiResourceData"/>
<property name="controller_testbench.v, 388, 172" value="1" type="GuiResourceData"/>
<property name="controller_testbench.v, 388, 172, false, false, false, false, true" value="1" type="GuiResourceData"/>
<property name="controller_testbench.v, 4, 257, true, false, false, false, false" value="1" type="GuiResourceData"/>
<property name="controller_testbench.v, 402, 509" value="1" type="GuiResourceData"/>
<property name="controller_testbench.v, 432, 329" value="1" type="GuiResourceData"/>
<property name="controller_testbench.v, 432, 329, false, false, false, false, true" value="1" type="GuiResourceData"/>
<property name="controller_testbench.v, 435, 250" value="1" type="GuiResourceData"/>
<property name="controller_testbench.v, 435, 250, false, false, false, false, true" value="1" type="GuiResourceData"/>
<property name="controller_testbench.v, 441, 488" value="1" type="GuiResourceData"/>
<property name="controller_testbench.v, 443, 177" value="1" type="GuiResourceData"/>
<property name="controller_testbench.v, 443, 177, false, false, false, false, true" value="1" type="GuiResourceData"/>
<property name="controller_testbench.v, 450, 444" value="1" type="GuiResourceData"/>
<property name="controller_testbench.v, 451, 349" value="1" type="GuiResourceData"/>
<property name="controller_testbench.v, 458, 306" value="1" type="GuiResourceData"/>
<property name="controller_testbench.v, 458, 447" value="2" type="GuiResourceData"/>
<property name="controller_testbench.v, 460, 79" value="1" type="GuiResourceData"/>
<property name="controller_testbench.v, 466, 398" value="1" type="GuiResourceData"/>
<property name="controller_testbench.v, 468, 515" value="1" type="GuiResourceData"/>
<property name="controller_testbench.v, 47, 75" value="1" type="GuiResourceData"/>
<property name="controller_testbench.v, 470, 339" value="1" type="GuiResourceData"/>
<property name="controller_testbench.v, 55, 433" value="1" type="GuiResourceData"/>
<property name="controller_testbench.v, 55, 433, false, false, false, false, true" value="1" type="GuiResourceData"/>
<property name="controller_testbench.v, 57, 453" value="1" type="GuiResourceData"/>
<property name="controller_testbench.v, 57, 453, false, false, false, false, true" value="1" type="GuiResourceData"/>
<property name="controller_testbench.v, 58, 193" value="2" type="GuiResourceData"/>
<property name="controller_testbench.v, 58, 193, false, false, false, false, true" value="1" type="GuiResourceData"/>
<property name="controller_testbench.v, 587, 79" value="1" type="GuiResourceData"/>
<property name="controller_testbench.v, 60, 127" value="1" type="GuiResourceData"/>
<property name="controller_testbench.v, 60, 127, false, false, false, false, true" value="1" type="GuiResourceData"/>
<property name="controller_testbench.v, 61, 542" value="1" type="GuiResourceData"/>
<property name="controller_testbench.v, 62, 387" value="1" type="GuiResourceData"/>
<property name="controller_testbench.v, 62, 387, false, false, false, false, true" value="1" type="GuiResourceData"/>
<property name="controller_testbench.v, 65, 197" value="1" type="GuiResourceData"/>
<property name="controller_testbench.v, 66, 383" value="1" type="GuiResourceData"/>
<property name="controller_testbench.v, 66, 383, false, false, false, false, true" value="1" type="GuiResourceData"/>
<property name="controller_testbench.v, 72, 366" value="1" type="GuiResourceData"/>
<property name="controller_testbench.v, 72, 366, false, false, false, false, true" value="1" type="GuiResourceData"/>
<property name="controller_testbench.v, 72, 453" value="1" type="GuiResourceData"/>
<property name="controller_testbench.v, 72, 459" value="1" type="GuiResourceData"/>
<property name="controller_testbench.v, 73, 241, false, false, false, false, true" value="1" type="GuiResourceData"/>
<property name="controller_testbench.v, 74, 242" value="1" type="GuiResourceData"/>
<property name="controller_testbench.v, 75, 536" value="1" type="GuiResourceData"/>
<property name="controller_testbench.v, 79, 521" value="1" type="GuiResourceData"/>
<property name="controller_testbench.v, 82, 177" value="1" type="GuiResourceData"/>
<property name="controller_testbench.v, 88, 555" value="1" type="GuiResourceData"/>
<property name="controller_testbench.v, 88, 555, false, false, false, false, true" value="1" type="GuiResourceData"/>
<property name="controller_testbench.v, 88, 611" value="1" type="GuiResourceData"/>
<property name="controller_testbench.v, 90, 125" value="1" type="GuiResourceData"/>
<property name="controller_testbench.v, 90, 125, false, false, false, false, true" value="1" type="GuiResourceData"/>
<property name="controller_testbench.v, 90, 483" value="1" type="GuiResourceData"/>
<property name="controller_testbench.v, 90, 483, false, false, false, false, true" value="1" type="GuiResourceData"/>
<property name="controller_testbench.v, 91, 405" value="1" type="GuiResourceData"/>
<property name="controller_testbench.v, 91, 405, false, false, false, false, true" value="1" type="GuiResourceData"/>
<property name="controller_testbench.v, 92, 195" value="1" type="GuiResourceData"/>
<property name="controller_testbench.v, 92, 195, false, false, false, false, true" value="1" type="GuiResourceData"/>
<property name="controller_testbench.v, 92, 279" value="1" type="GuiResourceData"/>
<property name="controller_testbench.v, 96, 227" value="1" type="GuiResourceData"/>
<property name="controller_testbench.v, 99, 359" value="1" type="GuiResourceData"/>
<property name="controller_testbench.v, 99, 505" value="1" type="GuiResourceData"/>
<property name="controller_testbench.v, 99, 505, false, false, false, false, true" value="1" type="GuiResourceData"/>
<property name="controller_testbench.v, 99, 508" value="1" type="GuiResourceData"/>
<property name="controller_testbench.v, 99, 508, false, false, false, false, true" value="1" type="GuiResourceData"/>
<property name="controller_testbench.v, 99, 515" value="1" type="GuiResourceData"/>
<property name="controller_testbench.v, 99, 515, false, false, false, false, true" value="1" type="GuiResourceData"/>
</item>
<item name="Other">
<property name="GuiMode" value="5" type="GuiMode"/>
<property name="BatchMode" value="0" type="BatchMode"/>
<property name="TclMode" value="0" type="TclMode"/>
</item>
</section>
</application>
</document>
